carrier,node,time_operation,value_scenario_,value_scenario_S1,value_scenario_S2,value_scenario_S3,value_scenario_S4
Aluminium,AUS,0,0.0,0.0,0.0,0.0,0.0
Aluminium,AUS,1,0.0,0.0,0.0,0.0,0.0
Aluminium,AUS,2,0.0,0.0,0.0,0.0,0.0
Aluminium,AUS,3,0.0,0.0,0.0,0.0,0.0
Aluminium,AUS,4,0.0,0.0,0.0,0.0,0.0
Aluminium,AUS,5,0.0,0.0,0.0,0.0,0.0
Aluminium,AUS,6,0.0,0.0,0.0,0.0,0.0
Aluminium,AUS,7,0.0,0.0,0.0,0.0,0.0
Aluminium,AUS,8,0.0,0.0,0.0,0.0,0.0
Aluminium,AUS,9,0.0,0.0,0.0,0.0,0.0
Aluminium,AUS,10,0.0,0.0,0.0,0.0,0.0
Aluminium,AUS,11,0.0,0.0,0.0,0.0,0.0
Aluminium,AUS,12,0.0,0.0,0.0,0.0,0.0
Aluminium,AUS,13,0.0,0.0,0.0,0.0,0.0
Aluminium,AUT,0,0.0,0.0,0.0,0.0,0.0
Aluminium,AUT,1,0.0,0.0,0.0,0.0,0.0
Aluminium,AUT,2,0.0,0.0,0.0,0.0,0.0
Aluminium,AUT,3,0.0,0.0,0.0,0.0,0.0
Aluminium,AUT,4,0.0,0.0,0.0,0.0,0.0
Aluminium,AUT,5,0.0,0.0,0.0,0.0,0.0
Aluminium,AUT,6,0.0,0.0,0.0,0.0,0.0
Aluminium,AUT,7,0.0,0.0,0.0,0.0,0.0
Aluminium,AUT,8,0.0,0.0,0.0,0.0,0.0
Aluminium,AUT,9,0.0,0.0,0.0,0.0,0.0
Aluminium,AUT,10,0.0,0.0,0.0,0.0,0.0
Aluminium,AUT,11,0.0,0.0,0.0,0.0,0.0
Aluminium,AUT,12,0.0,0.0,0.0,0.0,0.0
Aluminium,AUT,13,0.0,0.0,0.0,0.0,0.0
Aluminium,BRA,0,0.0,0.0,0.0,0.0,0.0
Aluminium,BRA,1,0.0,0.0,0.0,0.0,0.0
Aluminium,BRA,2,0.0,0.0,0.0,0.0,0.0
Aluminium,BRA,3,0.0,0.0,0.0,0.0,0.0
Aluminium,BRA,4,0.0,0.0,0.0,0.0,0.0
Aluminium,BRA,5,0.0,0.0,0.0,0.0,0.0
Aluminium,BRA,6,0.0,0.0,0.0,0.0,0.0
Aluminium,BRA,7,0.0,0.0,0.0,0.0,0.0
Aluminium,BRA,8,0.0,0.0,0.0,0.0,0.0
Aluminium,BRA,9,0.0,0.0,0.0,0.0,0.0
Aluminium,BRA,10,0.0,0.0,0.0,0.0,0.0
Aluminium,BRA,11,0.0,0.0,0.0,0.0,0.0
Aluminium,BRA,12,0.0,0.0,0.0,0.0,0.0
Aluminium,BRA,13,0.0,0.0,0.0,0.0,0.0
Aluminium,CHN,0,0.0,0.0,0.0,0.0,0.0
Aluminium,CHN,1,0.0,0.0,0.0,0.0,0.0
Aluminium,CHN,2,0.0,0.0,0.0,0.0,0.0
Aluminium,CHN,3,0.0,0.0,0.0,0.0,0.0
Aluminium,CHN,4,0.0,0.0,0.0,0.0,0.0
Aluminium,CHN,5,0.0,0.0,0.0,0.0,0.0
Aluminium,CHN,6,0.0,0.0,0.0,0.0,0.0
Aluminium,CHN,7,0.0,0.0,0.0,0.0,0.0
Aluminium,CHN,8,0.0,0.0,0.0,0.0,0.0
Aluminium,CHN,9,0.0,0.0,0.0,0.0,0.0
Aluminium,CHN,10,0.0,0.0,0.0,0.0,0.0
Aluminium,CHN,11,0.0,0.0,0.0,0.0,0.0
Aluminium,CHN,12,0.0,0.0,0.0,0.0,0.0
Aluminium,CHN,13,0.0,0.0,0.0,0.0,0.0
Aluminium,CZE,0,0.0,0.0,0.0,0.0,0.0
Aluminium,CZE,1,0.0,0.0,0.0,0.0,0.0
Aluminium,CZE,2,0.0,0.0,0.0,0.0,0.0
Aluminium,CZE,3,0.0,0.0,0.0,0.0,0.0
Aluminium,CZE,4,0.0,0.0,0.0,0.0,0.0
Aluminium,CZE,5,0.0,0.0,0.0,0.0,0.0
Aluminium,CZE,6,0.0,0.0,0.0,0.0,0.0
Aluminium,CZE,7,0.0,0.0,0.0,0.0,0.0
Aluminium,CZE,8,0.0,0.0,0.0,0.0,0.0
Aluminium,CZE,9,0.0,0.0,0.0,0.0,0.0
Aluminium,CZE,10,0.0,0.0,0.0,0.0,0.0
Aluminium,CZE,11,0.0,0.0,0.0,0.0,0.0
Aluminium,CZE,12,0.0,0.0,0.0,0.0,0.0
Aluminium,CZE,13,0.0,0.0,0.0,0.0,0.0
Aluminium,DEU,0,0.0,0.0,0.0,0.0,0.0
Aluminium,DEU,1,0.0,0.0,0.0,0.0,0.0
Aluminium,DEU,2,0.0,0.0,0.0,0.0,0.0
Aluminium,DEU,3,0.0,0.0,0.0,0.0,0.0
Aluminium,DEU,4,0.0,0.0,0.0,0.0,0.0
Aluminium,DEU,5,0.0,0.0,0.0,0.0,0.0
Aluminium,DEU,6,0.0,0.0,0.0,0.0,0.0
Aluminium,DEU,7,0.0,0.0,0.0,0.0,0.0
Aluminium,DEU,8,0.0,0.0,0.0,0.0,0.0
Aluminium,DEU,9,0.0,0.0,0.0,0.0,0.0
Aluminium,DEU,10,0.0,0.0,0.0,0.0,0.0
Aluminium,DEU,11,0.0,0.0,0.0,0.0,0.0
Aluminium,DEU,12,0.0,0.0,0.0,0.0,0.0
Aluminium,DEU,13,0.0,0.0,0.0,0.0,0.0
Aluminium,ITA,0,0.0,0.0,0.0,0.0,0.0
Aluminium,ITA,1,0.0,0.0,0.0,0.0,0.0
Aluminium,ITA,2,0.0,0.0,0.0,0.0,0.0
Aluminium,ITA,3,0.0,0.0,0.0,0.0,0.0
Aluminium,ITA,4,0.0,0.0,0.0,0.0,0.0
Aluminium,ITA,5,0.0,0.0,0.0,0.0,0.0
Aluminium,ITA,6,0.0,0.0,0.0,0.0,0.0
Aluminium,ITA,7,0.0,0.0,0.0,0.0,0.0
Aluminium,ITA,8,0.0,0.0,0.0,0.0,0.0
Aluminium,ITA,9,0.0,0.0,0.0,0.0,0.0
Aluminium,ITA,10,0.0,0.0,0.0,0.0,0.0
Aluminium,ITA,11,0.0,0.0,0.0,0.0,0.0
Aluminium,ITA,12,0.0,0.0,0.0,0.0,0.0
Aluminium,ITA,13,0.0,0.0,0.0,0.0,0.0
Aluminium,JPN,0,0.0,0.0,0.0,0.0,0.0
Aluminium,JPN,1,0.0,0.0,0.0,0.0,0.0
Aluminium,JPN,2,0.0,0.0,0.0,0.0,0.0
Aluminium,JPN,3,0.0,0.0,0.0,0.0,0.0
Aluminium,JPN,4,0.0,0.0,0.0,0.0,0.0
Aluminium,JPN,5,0.0,0.0,0.0,0.0,0.0
Aluminium,JPN,6,0.0,0.0,0.0,0.0,0.0
Aluminium,JPN,7,0.0,0.0,0.0,0.0,0.0
Aluminium,JPN,8,0.0,0.0,0.0,0.0,0.0
Aluminium,JPN,9,0.0,0.0,0.0,0.0,0.0
Aluminium,JPN,10,0.0,0.0,0.0,0.0,0.0
Aluminium,JPN,11,0.0,0.0,0.0,0.0,0.0
Aluminium,JPN,12,0.0,0.0,0.0,0.0,0.0
Aluminium,JPN,13,0.0,0.0,0.0,0.0,0.0
Aluminium,KOR,0,0.0,0.0,0.0,0.0,0.0
Aluminium,KOR,1,0.0,0.0,0.0,0.0,0.0
Aluminium,KOR,2,0.0,0.0,0.0,0.0,0.0
Aluminium,KOR,3,0.0,0.0,0.0,0.0,0.0
Aluminium,KOR,4,0.0,0.0,0.0,0.0,0.0
Aluminium,KOR,5,0.0,0.0,0.0,0.0,0.0
Aluminium,KOR,6,0.0,0.0,0.0,0.0,0.0
Aluminium,KOR,7,0.0,0.0,0.0,0.0,0.0
Aluminium,KOR,8,0.0,0.0,0.0,0.0,0.0
Aluminium,KOR,9,0.0,0.0,0.0,0.0,0.0
Aluminium,KOR,10,0.0,0.0,0.0,0.0,0.0
Aluminium,KOR,11,0.0,0.0,0.0,0.0,0.0
Aluminium,KOR,12,0.0,0.0,0.0,0.0,0.0
Aluminium,KOR,13,0.0,0.0,0.0,0.0,0.0
Aluminium,ROE,0,0.0,0.0,0.0,0.0,0.0
Aluminium,ROE,1,0.0,0.0,0.0,0.0,0.0
Aluminium,ROE,2,0.0,0.0,0.0,0.0,0.0
Aluminium,ROE,3,0.0,0.0,0.0,0.0,0.0
Aluminium,ROE,4,0.0,0.0,0.0,0.0,0.0
Aluminium,ROE,5,0.0,0.0,0.0,0.0,0.0
Aluminium,ROE,6,0.0,0.0,0.0,0.0,0.0
Aluminium,ROE,7,0.0,0.0,0.0,0.0,0.0
Aluminium,ROE,8,0.0,0.0,0.0,0.0,0.0
Aluminium,ROE,9,0.0,0.0,0.0,0.0,0.0
Aluminium,ROE,10,0.0,0.0,0.0,0.0,0.0
Aluminium,ROE,11,0.0,0.0,0.0,0.0,0.0
Aluminium,ROE,12,0.0,0.0,0.0,0.0,0.0
Aluminium,ROE,13,0.0,0.0,0.0,0.0,0.0
Aluminium,ROW,0,0.0,0.0,0.0,0.0,0.0
Aluminium,ROW,1,0.0,0.0,0.0,0.0,0.0
Aluminium,ROW,2,0.0,0.0,0.0,0.0,0.0
Aluminium,ROW,3,0.0,0.0,0.0,0.0,0.0
Aluminium,ROW,4,0.0,0.0,0.0,0.0,0.0
Aluminium,ROW,5,0.0,0.0,0.0,0.0,0.0
Aluminium,ROW,6,0.0,0.0,0.0,0.0,0.0
Aluminium,ROW,7,0.0,0.0,0.0,0.0,0.0
Aluminium,ROW,8,0.0,0.0,0.0,0.0,0.0
Aluminium,ROW,9,0.0,0.0,0.0,0.0,0.0
Aluminium,ROW,10,0.0,0.0,0.0,0.0,0.0
Aluminium,ROW,11,0.0,0.0,0.0,0.0,0.0
Aluminium,ROW,12,0.0,0.0,0.0,0.0,0.0
Aluminium,ROW,13,0.0,0.0,0.0,0.0,0.0
Aluminium,USA,0,0.0,0.0,0.0,0.0,0.0
Aluminium,USA,1,0.0,0.0,0.0,0.0,0.0
Aluminium,USA,2,0.0,0.0,0.0,0.0,0.0
Aluminium,USA,3,0.0,0.0,0.0,0.0,0.0
Aluminium,USA,4,0.0,0.0,0.0,0.0,0.0
Aluminium,USA,5,0.0,0.0,0.0,0.0,0.0
Aluminium,USA,6,0.0,0.0,0.0,0.0,0.0
Aluminium,USA,7,0.0,0.0,0.0,0.0,0.0
Aluminium,USA,8,0.0,0.0,0.0,0.0,0.0
Aluminium,USA,9,0.0,0.0,0.0,0.0,0.0
Aluminium,USA,10,0.0,0.0,0.0,0.0,0.0
Aluminium,USA,11,0.0,0.0,0.0,0.0,0.0
Aluminium,USA,12,0.0,0.0,0.0,0.0,0.0
Aluminium,USA,13,0.0,0.0,0.0,0.0,0.0
Bauxite,AUS,0,0.0,0.0,0.0,0.0,0.0
Bauxite,AUS,1,0.0,0.0,0.0,0.0,0.0
Bauxite,AUS,2,0.0,0.0,0.0,0.0,0.0
Bauxite,AUS,3,0.0,0.0,0.0,0.0,0.0
Bauxite,AUS,4,0.0,0.0,0.0,0.0,0.0
Bauxite,AUS,5,0.0,0.0,0.0,0.0,0.0
Bauxite,AUS,6,0.0,0.0,0.0,0.0,0.0
Bauxite,AUS,7,0.0,0.0,0.0,0.0,0.0
Bauxite,AUS,8,0.0,0.0,0.0,0.0,0.0
Bauxite,AUS,9,0.0,0.0,0.0,0.0,0.0
Bauxite,AUS,10,0.0,0.0,0.0,0.0,0.0
Bauxite,AUS,11,0.0,0.0,0.0,0.0,0.0
Bauxite,AUS,12,0.0,0.0,0.0,0.0,0.0
Bauxite,AUS,13,0.0,0.0,0.0,0.0,0.0
Bauxite,AUT,0,0.0,0.0,0.0,0.0,0.0
Bauxite,AUT,1,0.0,0.0,0.0,0.0,0.0
Bauxite,AUT,2,0.0,0.0,0.0,0.0,0.0
Bauxite,AUT,3,0.0,0.0,0.0,0.0,0.0
Bauxite,AUT,4,0.0,0.0,0.0,0.0,0.0
Bauxite,AUT,5,0.0,0.0,0.0,0.0,0.0
Bauxite,AUT,6,0.0,0.0,0.0,0.0,0.0
Bauxite,AUT,7,0.0,0.0,0.0,0.0,0.0
Bauxite,AUT,8,0.0,0.0,0.0,0.0,0.0
Bauxite,AUT,9,0.0,0.0,0.0,0.0,0.0
Bauxite,AUT,10,0.0,0.0,0.0,0.0,0.0
Bauxite,AUT,11,0.0,0.0,0.0,0.0,0.0
Bauxite,AUT,12,0.0,0.0,0.0,0.0,0.0
Bauxite,AUT,13,0.0,0.0,0.0,0.0,0.0
Bauxite,BRA,0,0.0,0.0,0.0,0.0,0.0
Bauxite,BRA,1,0.0,0.0,0.0,0.0,0.0
Bauxite,BRA,2,0.0,0.0,0.0,0.0,0.0
Bauxite,BRA,3,0.0,0.0,0.0,0.0,0.0
Bauxite,BRA,4,0.0,0.0,0.0,0.0,0.0
Bauxite,BRA,5,0.0,0.0,0.0,0.0,0.0
Bauxite,BRA,6,0.0,0.0,0.0,0.0,0.0
Bauxite,BRA,7,0.0,0.0,0.0,0.0,0.0
Bauxite,BRA,8,0.0,0.0,0.0,0.0,0.0
Bauxite,BRA,9,0.0,0.0,0.0,0.0,0.0
Bauxite,BRA,10,0.0,0.0,0.0,0.0,0.0
Bauxite,BRA,11,0.0,0.0,0.0,0.0,0.0
Bauxite,BRA,12,0.0,0.0,0.0,0.0,0.0
Bauxite,BRA,13,0.0,0.0,0.0,0.0,0.0
Bauxite,CHN,0,0.0,0.0,0.0,0.0,0.0
Bauxite,CHN,1,0.0,0.0,0.0,0.0,0.0
Bauxite,CHN,2,0.0,0.0,0.0,0.0,0.0
Bauxite,CHN,3,0.0,0.0,0.0,0.0,0.0
Bauxite,CHN,4,0.0,0.0,0.0,0.0,0.0
Bauxite,CHN,5,0.0,0.0,0.0,0.0,0.0
Bauxite,CHN,6,0.0,0.0,0.0,0.0,0.0
Bauxite,CHN,7,0.0,0.0,0.0,0.0,0.0
Bauxite,CHN,8,0.0,0.0,0.0,0.0,0.0
Bauxite,CHN,9,0.0,0.0,0.0,0.0,0.0
Bauxite,CHN,10,0.0,0.0,0.0,0.0,0.0
Bauxite,CHN,11,0.0,0.0,0.0,0.0,0.0
Bauxite,CHN,12,0.0,0.0,0.0,0.0,0.0
Bauxite,CHN,13,0.0,0.0,0.0,0.0,0.0
Bauxite,CZE,0,0.0,0.0,0.0,0.0,0.0
Bauxite,CZE,1,0.0,0.0,0.0,0.0,0.0
Bauxite,CZE,2,0.0,0.0,0.0,0.0,0.0
Bauxite,CZE,3,0.0,0.0,0.0,0.0,0.0
Bauxite,CZE,4,0.0,0.0,0.0,0.0,0.0
Bauxite,CZE,5,0.0,0.0,0.0,0.0,0.0
Bauxite,CZE,6,0.0,0.0,0.0,0.0,0.0
Bauxite,CZE,7,0.0,0.0,0.0,0.0,0.0
Bauxite,CZE,8,0.0,0.0,0.0,0.0,0.0
Bauxite,CZE,9,0.0,0.0,0.0,0.0,0.0
Bauxite,CZE,10,0.0,0.0,0.0,0.0,0.0
Bauxite,CZE,11,0.0,0.0,0.0,0.0,0.0
Bauxite,CZE,12,0.0,0.0,0.0,0.0,0.0
Bauxite,CZE,13,0.0,0.0,0.0,0.0,0.0
Bauxite,DEU,0,0.0,0.0,0.0,0.0,0.0
Bauxite,DEU,1,0.0,0.0,0.0,0.0,0.0
Bauxite,DEU,2,0.0,0.0,0.0,0.0,0.0
Bauxite,DEU,3,0.0,0.0,0.0,0.0,0.0
Bauxite,DEU,4,0.0,0.0,0.0,0.0,0.0
Bauxite,DEU,5,0.0,0.0,0.0,0.0,0.0
Bauxite,DEU,6,0.0,0.0,0.0,0.0,0.0
Bauxite,DEU,7,0.0,0.0,0.0,0.0,0.0
Bauxite,DEU,8,0.0,0.0,0.0,0.0,0.0
Bauxite,DEU,9,0.0,0.0,0.0,0.0,0.0
Bauxite,DEU,10,0.0,0.0,0.0,0.0,0.0
Bauxite,DEU,11,0.0,0.0,0.0,0.0,0.0
Bauxite,DEU,12,0.0,0.0,0.0,0.0,0.0
Bauxite,DEU,13,0.0,0.0,0.0,0.0,0.0
Bauxite,ITA,0,0.0,0.0,0.0,0.0,0.0
Bauxite,ITA,1,0.0,0.0,0.0,0.0,0.0
Bauxite,ITA,2,0.0,0.0,0.0,0.0,0.0
Bauxite,ITA,3,0.0,0.0,0.0,0.0,0.0
Bauxite,ITA,4,0.0,0.0,0.0,0.0,0.0
Bauxite,ITA,5,0.0,0.0,0.0,0.0,0.0
Bauxite,ITA,6,0.0,0.0,0.0,0.0,0.0
Bauxite,ITA,7,0.0,0.0,0.0,0.0,0.0
Bauxite,ITA,8,0.0,0.0,0.0,0.0,0.0
Bauxite,ITA,9,0.0,0.0,0.0,0.0,0.0
Bauxite,ITA,10,0.0,0.0,0.0,0.0,0.0
Bauxite,ITA,11,0.0,0.0,0.0,0.0,0.0
Bauxite,ITA,12,0.0,0.0,0.0,0.0,0.0
Bauxite,ITA,13,0.0,0.0,0.0,0.0,0.0
Bauxite,JPN,0,0.0,0.0,0.0,0.0,0.0
Bauxite,JPN,1,0.0,0.0,0.0,0.0,0.0
Bauxite,JPN,2,0.0,0.0,0.0,0.0,0.0
Bauxite,JPN,3,0.0,0.0,0.0,0.0,0.0
Bauxite,JPN,4,0.0,0.0,0.0,0.0,0.0
Bauxite,JPN,5,0.0,0.0,0.0,0.0,0.0
Bauxite,JPN,6,0.0,0.0,0.0,0.0,0.0
Bauxite,JPN,7,0.0,0.0,0.0,0.0,0.0
Bauxite,JPN,8,0.0,0.0,0.0,0.0,0.0
Bauxite,JPN,9,0.0,0.0,0.0,0.0,0.0
Bauxite,JPN,10,0.0,0.0,0.0,0.0,0.0
Bauxite,JPN,11,0.0,0.0,0.0,0.0,0.0
Bauxite,JPN,12,0.0,0.0,0.0,0.0,0.0
Bauxite,JPN,13,0.0,0.0,0.0,0.0,0.0
Bauxite,KOR,0,0.0,0.0,0.0,0.0,0.0
Bauxite,KOR,1,0.0,0.0,0.0,0.0,0.0
Bauxite,KOR,2,0.0,0.0,0.0,0.0,0.0
Bauxite,KOR,3,0.0,0.0,0.0,0.0,0.0
Bauxite,KOR,4,0.0,0.0,0.0,0.0,0.0
Bauxite,KOR,5,0.0,0.0,0.0,0.0,0.0
Bauxite,KOR,6,0.0,0.0,0.0,0.0,0.0
Bauxite,KOR,7,0.0,0.0,0.0,0.0,0.0
Bauxite,KOR,8,0.0,0.0,0.0,0.0,0.0
Bauxite,KOR,9,0.0,0.0,0.0,0.0,0.0
Bauxite,KOR,10,0.0,0.0,0.0,0.0,0.0
Bauxite,KOR,11,0.0,0.0,0.0,0.0,0.0
Bauxite,KOR,12,0.0,0.0,0.0,0.0,0.0
Bauxite,KOR,13,0.0,0.0,0.0,0.0,0.0
Bauxite,ROE,0,0.0,0.0,0.0,0.0,0.0
Bauxite,ROE,1,0.0,0.0,0.0,0.0,0.0
Bauxite,ROE,2,0.0,0.0,0.0,0.0,0.0
Bauxite,ROE,3,0.0,0.0,0.0,0.0,0.0
Bauxite,ROE,4,0.0,0.0,0.0,0.0,0.0
Bauxite,ROE,5,0.0,0.0,0.0,0.0,0.0
Bauxite,ROE,6,0.0,0.0,0.0,0.0,0.0
Bauxite,ROE,7,0.0,0.0,0.0,0.0,0.0
Bauxite,ROE,8,0.0,0.0,0.0,0.0,0.0
Bauxite,ROE,9,0.0,0.0,0.0,0.0,0.0
Bauxite,ROE,10,0.0,0.0,0.0,0.0,0.0
Bauxite,ROE,11,0.0,0.0,0.0,0.0,0.0
Bauxite,ROE,12,0.0,0.0,0.0,0.0,0.0
Bauxite,ROE,13,0.0,0.0,0.0,0.0,0.0
Bauxite,ROW,0,0.0,0.0,0.0,0.0,0.0
Bauxite,ROW,1,0.0,0.0,0.0,0.0,0.0
Bauxite,ROW,2,0.0,0.0,0.0,0.0,0.0
Bauxite,ROW,3,0.0,0.0,0.0,0.0,0.0
Bauxite,ROW,4,0.0,0.0,0.0,0.0,0.0
Bauxite,ROW,5,0.0,0.0,0.0,0.0,0.0
Bauxite,ROW,6,0.0,0.0,0.0,0.0,0.0
Bauxite,ROW,7,0.0,0.0,0.0,0.0,0.0
Bauxite,ROW,8,0.0,0.0,0.0,0.0,0.0
Bauxite,ROW,9,0.0,0.0,0.0,0.0,0.0
Bauxite,ROW,10,0.0,0.0,0.0,0.0,0.0
Bauxite,ROW,11,0.0,0.0,0.0,0.0,0.0
Bauxite,ROW,12,0.0,0.0,0.0,0.0,0.0
Bauxite,ROW,13,0.0,0.0,0.0,0.0,0.0
Bauxite,USA,0,0.0,0.0,0.0,0.0,0.0
Bauxite,USA,1,0.0,0.0,0.0,0.0,0.0
Bauxite,USA,2,0.0,0.0,0.0,0.0,0.0
Bauxite,USA,3,0.0,0.0,0.0,0.0,0.0
Bauxite,USA,4,0.0,0.0,0.0,0.0,0.0
Bauxite,USA,5,0.0,0.0,0.0,0.0,0.0
Bauxite,USA,6,0.0,0.0,0.0,0.0,0.0
Bauxite,USA,7,0.0,0.0,0.0,0.0,0.0
Bauxite,USA,8,0.0,0.0,0.0,0.0,0.0
Bauxite,USA,9,0.0,0.0,0.0,0.0,0.0
Bauxite,USA,10,0.0,0.0,0.0,0.0,0.0
Bauxite,USA,11,0.0,0.0,0.0,0.0,0.0
Bauxite,USA,12,0.0,0.0,0.0,0.0,0.0
Bauxite,USA,13,0.0,0.0,0.0,0.0,0.0
Bauxite_reserves,AUS,0,254.4,461.76,240.0,244.8,406.56
Bauxite_reserves,AUS,1,254.4,461.76,240.0,244.8,406.56
Bauxite_reserves,AUS,2,254.4,461.76,240.0,244.8,406.56
Bauxite_reserves,AUS,3,254.4,461.76,240.0,244.8,406.56
Bauxite_reserves,AUS,4,254.4,461.76,240.0,244.8,406.56
Bauxite_reserves,AUS,5,254.4,461.76,240.0,244.8,406.56
Bauxite_reserves,AUS,6,254.4,461.76,240.0,244.8,406.56
Bauxite_reserves,AUS,7,254.4,461.76,240.0,244.8,406.56
Bauxite_reserves,AUS,8,254.4,461.76,240.0,244.8,406.56
Bauxite_reserves,AUS,9,254.4,461.76,240.0,244.8,406.56
Bauxite_reserves,AUS,10,254.4,461.76,374.74417056517177,244.8,406.56
Bauxite_reserves,AUS,11,254.4,461.76,374.74417056517177,244.8,406.56
Bauxite_reserves,AUS,12,254.4,461.76,443.26655391482836,319.6353921600001,476.88433647999915
Bauxite_reserves,AUS,13,254.4,461.76,443.26655391482836,945.5422174399989,863.1083364799983
Bauxite_reserves,AUT,0,0.0,0.0,0.0,0.0,0.0
Bauxite_reserves,AUT,1,0.0,0.0,0.0,0.0,0.0
Bauxite_reserves,AUT,2,0.0,0.0,0.0,0.0,0.0
Bauxite_reserves,AUT,3,0.0,0.0,0.0,0.0,0.0
Bauxite_reserves,AUT,4,0.0,0.0,0.0,0.0,0.0
Bauxite_reserves,AUT,5,0.0,0.0,0.0,0.0,0.0
Bauxite_reserves,AUT,6,0.0,0.0,0.0,0.0,0.0
Bauxite_reserves,AUT,7,0.0,0.0,0.0,0.0,0.0
Bauxite_reserves,AUT,8,0.0,0.0,0.0,0.0,0.0
Bauxite_reserves,AUT,9,0.0,0.0,0.0,0.0,0.0
Bauxite_reserves,AUT,10,0.0,0.0,0.0,0.0,0.0
Bauxite_reserves,AUT,11,0.0,0.0,0.0,0.0,0.0
Bauxite_reserves,AUT,12,0.0,0.0,0.0,0.0,0.0
Bauxite_reserves,AUT,13,0.0,0.0,0.0,0.0,0.0
Bauxite_reserves,BRA,0,129.76,134.56,213.12,227.36,273.12
Bauxite_reserves,BRA,1,129.76,134.56,213.12,227.36,273.12
Bauxite_reserves,BRA,2,129.76,134.56,213.12,227.36,273.12
Bauxite_reserves,BRA,3,129.76,134.56,213.12,227.36,273.12
Bauxite_reserves,BRA,4,129.76,134.56,213.12,227.36,273.12
Bauxite_reserves,BRA,5,129.76,134.56,213.12,227.36,273.12
Bauxite_reserves,BRA,6,129.76,134.56,213.12,227.36,273.12
Bauxite_reserves,BRA,7,129.76,134.56,213.12,227.35999999999999,273.12
Bauxite_reserves,BRA,8,129.76,134.56,213.12,227.36,273.12
Bauxite_reserves,BRA,9,129.76,134.56,213.12,227.36,273.12
Bauxite_reserves,BRA,10,264.5041705599999,269.30417055999993,213.12,362.10417055999994,273.12
Bauxite_reserves,BRA,11,466.87583408000114,269.30417055999993,213.12,845.3398340800007,273.12
Bauxite_reserves,BRA,12,933.7760000000005,269.30417055999993,694.0931747303422,1320.0,273.12
Bauxite_reserves,BRA,13,1320.0,895.2109958296578,1320.0,1320.0,273.12
Bauxite_reserves,CHN,0,1105.44,1105.44,1105.44,1105.44,1105.44
Bauxite_reserves,CHN,1,1254.29882576,1254.29882576,1254.29882576,1254.29882576,1254.2988257599998
Bauxite_reserves,CHN,2,1420.1682654400001,1420.1682654400001,1420.1682654400004,1420.1682654400001,1420.1682654400001
Bauxite_reserves,CHN,3,1605.40354208,1605.40354208,1605.40354208,1605.4035420799999,1605.40354208
Bauxite_reserves,CHN,4,1812.7204244799998,1812.7204244800005,1812.7204244800005,1812.7204244799996,1812.72042448
Bauxite_reserves,CHN,5,2045.2535486400002,2045.25354864,2045.25354864,2045.2535486400002,2045.2535486400004
Bauxite_reserves,CHN,6,2306.62407968,2306.62407968,2306.62407968,2306.6240796800002,2306.6240796800002
Bauxite_reserves,CHN,7,2601.01884736,2601.01884736,2601.01884736,2601.01884736,2601.01884736
Bauxite_reserves,CHN,8,2933.2822480000004,2933.2822480000004,2933.2822480000004,2933.282248,2933.282248
Bauxite_reserves,CHN,9,3309.0239832,3309.0239831999997,3309.0239831948293,3309.0239831999997,3309.0239832000007
Bauxite_reserves,CHN,10,3600.0,3600.0,3600.0,3600.0,3600.0
Bauxite_reserves,CHN,11,3600.0,3600.0,3600.0,3600.0,3600.0
Bauxite_reserves,CHN,12,3600.0,3600.0,3600.0,3600.0,3600.0
Bauxite_reserves,CHN,13,3600.0,3600.0,3600.0,3600.0,3600.0
Bauxite_reserves,CZE,0,0.0,0.0,0.0,0.0,0.0
Bauxite_reserves,CZE,1,0.0,0.0,0.0,0.0,0.0
Bauxite_reserves,CZE,2,0.0,0.0,0.0,0.0,0.0
Bauxite_reserves,CZE,3,0.0,0.0,0.0,0.0,0.0
Bauxite_reserves,CZE,4,0.0,0.0,0.0,0.0,0.0
Bauxite_reserves,CZE,5,0.0,0.0,0.0,0.0,0.0
Bauxite_reserves,CZE,6,0.0,0.0,0.0,0.0,0.0
Bauxite_reserves,CZE,7,0.0,0.0,0.0,0.0,0.0
Bauxite_reserves,CZE,8,0.0,0.0,0.0,0.0,0.0
Bauxite_reserves,CZE,9,0.0,0.0,0.0,0.0,0.0
Bauxite_reserves,CZE,10,0.0,0.0,0.0,0.0,0.0
Bauxite_reserves,CZE,11,0.0,0.0,0.0,0.0,0.0
Bauxite_reserves,CZE,12,0.0,0.0,0.0,0.0,0.0
Bauxite_reserves,CZE,13,0.0,0.0,0.0,0.0,0.0
Bauxite_reserves,DEU,0,0.0,0.0,0.0,0.0,0.0
Bauxite_reserves,DEU,1,0.0,0.0,0.0,0.0,0.0
Bauxite_reserves,DEU,2,0.0,0.0,0.0,0.0,0.0
Bauxite_reserves,DEU,3,0.0,0.0,0.0,0.0,0.0
Bauxite_reserves,DEU,4,0.0,0.0,0.0,0.0,0.0
Bauxite_reserves,DEU,5,0.0,0.0,0.0,0.0,0.0
Bauxite_reserves,DEU,6,0.0,0.0,0.0,0.0,0.0
Bauxite_reserves,DEU,7,0.0,0.0,0.0,0.0,0.0
Bauxite_reserves,DEU,8,0.0,0.0,0.0,0.0,0.0
Bauxite_reserves,DEU,9,0.0,0.0,0.0,0.0,0.0
Bauxite_reserves,DEU,10,0.0,0.0,0.0,0.0,0.0
Bauxite_reserves,DEU,11,0.0,0.0,0.0,0.0,0.0
Bauxite_reserves,DEU,12,0.0,0.0,0.0,0.0,0.0
Bauxite_reserves,DEU,13,0.0,0.0,0.0,0.0,0.0
Bauxite_reserves,ITA,0,0.0,0.0,0.0,0.0,0.0
Bauxite_reserves,ITA,1,0.0,0.0,0.0,0.0,0.0
Bauxite_reserves,ITA,2,0.0,0.0,0.0,0.0,0.0
Bauxite_reserves,ITA,3,0.0,0.0,0.0,0.0,0.0
Bauxite_reserves,ITA,4,0.0,0.0,0.0,0.0,0.0
Bauxite_reserves,ITA,5,0.0,0.0,0.0,0.0,0.0
Bauxite_reserves,ITA,6,0.0,0.0,0.0,0.0,0.0
Bauxite_reserves,ITA,7,0.0,0.0,0.0,0.0,0.0
Bauxite_reserves,ITA,8,0.0,0.0,0.0,0.0,0.0
Bauxite_reserves,ITA,9,0.0,0.0,0.0,0.0,0.0
Bauxite_reserves,ITA,10,0.0,0.0,0.0,0.0,0.0
Bauxite_reserves,ITA,11,0.0,0.0,0.0,0.0,0.0
Bauxite_reserves,ITA,12,0.0,0.0,0.0,0.0,0.0
Bauxite_reserves,ITA,13,0.0,0.0,0.0,0.0,0.0
Bauxite_reserves,JPN,0,0.0,0.0,0.0,0.0,0.0
Bauxite_reserves,JPN,1,0.0,0.0,0.0,0.0,0.0
Bauxite_reserves,JPN,2,0.0,0.0,0.0,0.0,0.0
Bauxite_reserves,JPN,3,0.0,0.0,0.0,0.0,0.0
Bauxite_reserves,JPN,4,0.0,0.0,0.0,0.0,0.0
Bauxite_reserves,JPN,5,0.0,0.0,0.0,0.0,0.0
Bauxite_reserves,JPN,6,0.0,0.0,0.0,0.0,0.0
Bauxite_reserves,JPN,7,0.0,0.0,0.0,0.0,0.0
Bauxite_reserves,JPN,8,0.0,0.0,0.0,0.0,0.0
Bauxite_reserves,JPN,9,0.0,0.0,0.0,0.0,0.0
Bauxite_reserves,JPN,10,0.0,0.0,0.0,0.0,0.0
Bauxite_reserves,JPN,11,0.0,0.0,0.0,0.0,0.0
Bauxite_reserves,JPN,12,0.0,0.0,0.0,0.0,0.0
Bauxite_reserves,JPN,13,0.0,0.0,0.0,0.0,0.0
Bauxite_reserves,KOR,0,0.0,0.0,0.0,0.0,0.0
Bauxite_reserves,KOR,1,0.0,0.0,0.0,0.0,0.0
Bauxite_reserves,KOR,2,0.0,0.0,0.0,0.0,0.0
Bauxite_reserves,KOR,3,0.0,0.0,0.0,0.0,0.0
Bauxite_reserves,KOR,4,0.0,0.0,0.0,0.0,0.0
Bauxite_reserves,KOR,5,0.0,0.0,0.0,0.0,0.0
Bauxite_reserves,KOR,6,0.0,0.0,0.0,0.0,0.0
Bauxite_reserves,KOR,7,0.0,0.0,0.0,0.0,0.0
Bauxite_reserves,KOR,8,0.0,0.0,0.0,0.0,0.0
Bauxite_reserves,KOR,9,0.0,0.0,0.0,0.0,0.0
Bauxite_reserves,KOR,10,0.0,0.0,0.0,0.0,0.0
Bauxite_reserves,KOR,11,0.0,0.0,0.0,0.0,0.0
Bauxite_reserves,KOR,12,0.0,0.0,0.0,0.0,0.0
Bauxite_reserves,KOR,13,0.0,0.0,0.0,0.0,0.0
Bauxite_reserves,ROE,0,212.32,9.6,143.35999999999999,78.56,0.0
Bauxite_reserves,ROE,1,212.32,9.6,143.35999999999999,78.56,0.0
Bauxite_reserves,ROE,2,212.32,9.6,143.35999999999999,78.56,0.0
Bauxite_reserves,ROE,3,212.32,9.6,143.35999999999999,78.56,0.0
Bauxite_reserves,ROE,4,212.32,9.6,143.35999999999999,78.56,0.0
Bauxite_reserves,ROE,5,212.32,9.6,143.35999999999999,78.56,0.0
Bauxite_reserves,ROE,6,212.32,9.6,143.35999999999999,78.56,0.0
Bauxite_reserves,ROE,7,212.32,9.6,143.35999999999999,78.56,0.0
Bauxite_reserves,ROE,8,212.32,9.6,143.35999999999999,78.56,0.0
Bauxite_reserves,ROE,9,212.32,9.6,143.35999999999999,78.56,0.0
Bauxite_reserves,ROE,10,212.32,9.6,143.35999999999999,78.56,134.74417055999947
Bauxite_reserves,ROE,11,212.32,9.6,143.35999999999999,78.56,134.74417055999947
Bauxite_reserves,ROE,12,212.32,9.6,143.35999999999999,78.56,531.32
Bauxite_reserves,ROE,13,212.32,9.6,143.35999999999999,78.56,531.32
Bauxite_reserves,ROW,0,88.0,78.56,88.0,133.76,4.8
Bauxite_reserves,ROW,1,88.0,78.56,88.0,133.76,4.8
Bauxite_reserves,ROW,2,88.0,78.56,88.0,133.76,4.8
Bauxite_reserves,ROW,3,88.0,78.56,88.0,133.76,4.8
Bauxite_reserves,ROW,4,88.0,78.56,88.0,133.76,4.8
Bauxite_reserves,ROW,5,88.0,78.56,88.0,133.76,4.8
Bauxite_reserves,ROW,6,88.0,78.56,88.0,133.76,4.8
Bauxite_reserves,ROW,7,88.0,78.56,88.0,133.76,4.8
Bauxite_reserves,ROW,8,88.0,78.56,88.0,133.76,4.8
Bauxite_reserves,ROW,9,88.0,78.56,88.0,133.76,4.8
Bauxite_reserves,ROW,10,88.0,78.56,88.0,133.76,4.8
Bauxite_reserves,ROW,11,368.8639999999996,561.7956635148294,571.2356635096576,133.76,488.03566352000126
Bauxite_reserves,ROW,12,368.8639999999996,1111.2912215948281,571.2356635096576,133.76,488.03566352000126
Bauxite_reserves,ROW,13,368.8639999999996,1111.2912215948281,571.2356635096576,133.76,488.03566352000126
Bauxite_reserves,USA,0,3.84,3.84,3.84,3.84,3.84
Bauxite_reserves,USA,1,3.84,3.84,3.84,3.84,3.84
Bauxite_reserves,USA,2,3.84,3.84,3.84,3.84,3.84
Bauxite_reserves,USA,3,3.84,3.84,3.84,3.84,3.84
Bauxite_reserves,USA,4,3.84,3.84,3.84,3.84,3.84
Bauxite_reserves,USA,5,3.84,3.84,3.84,3.84,3.84
Bauxite_reserves,USA,6,3.84,3.84,3.84,3.84,3.84
Bauxite_reserves,USA,7,3.84,3.84,3.84,3.84,3.84
Bauxite_reserves,USA,8,3.84,3.84,3.84,3.84,3.84
Bauxite_reserves,USA,9,3.84,3.84,3.84,3.84,3.84
Bauxite_reserves,USA,10,3.84,3.84,3.84,3.84,3.84
Bauxite_reserves,USA,11,3.84,3.84,3.84,3.84,3.84
Bauxite_reserves,USA,12,3.84,3.84,3.84,3.84,3.84
Bauxite_reserves,USA,13,3.84,3.84,3.84,3.84,3.84
Compressor,AUS,0,0.0,0.0,0.0,0.0,0.0
Compressor,AUS,1,0.0,0.0,0.0,0.0,0.0
Compressor,AUS,2,0.0,0.0,0.0,0.0,0.0
Compressor,AUS,3,0.0,0.0,0.0,0.0,0.0
Compressor,AUS,4,0.0,0.0,0.0,0.0,0.0
Compressor,AUS,5,0.0,0.0,0.0,0.0,0.0
Compressor,AUS,6,0.0,0.0,0.0,0.0,0.0
Compressor,AUS,7,0.0,0.0,0.0,0.0,0.0
Compressor,AUS,8,0.0,0.0,0.0,0.0,0.0
Compressor,AUS,9,0.0,0.0,0.0,0.0,0.0
Compressor,AUS,10,0.0,0.0,0.0,0.0,0.0
Compressor,AUS,11,0.0,0.0,0.0,0.0,0.0
Compressor,AUS,12,0.0,0.0,0.0,0.0,0.0
Compressor,AUS,13,0.0,0.0,0.0,0.0,0.0
Compressor,AUT,0,0.0,0.0,0.0,0.0,0.0
Compressor,AUT,1,0.0,0.0,0.0,0.0,0.0
Compressor,AUT,2,0.0,0.0,0.0,0.0,0.0
Compressor,AUT,3,0.0,0.0,0.0,0.0,0.0
Compressor,AUT,4,0.0,0.0,0.0,0.0,0.0
Compressor,AUT,5,0.0,0.0,0.0,0.0,0.0
Compressor,AUT,6,0.0,0.0,0.0,0.0,0.0
Compressor,AUT,7,0.0,0.0,0.0,0.0,0.0
Compressor,AUT,8,0.0,0.0,0.0,0.0,0.0
Compressor,AUT,9,0.0,0.0,0.0,0.0,0.0
Compressor,AUT,10,0.0,0.0,0.0,0.0,0.0
Compressor,AUT,11,0.0,0.0,0.0,0.0,0.0
Compressor,AUT,12,0.0,0.0,0.0,0.0,0.0
Compressor,AUT,13,0.0,0.0,0.0,0.0,0.0
Compressor,BRA,0,0.0,0.0,0.0,0.0,0.0
Compressor,BRA,1,0.0,0.0,0.0,0.0,0.0
Compressor,BRA,2,0.0,0.0,0.0,0.0,0.0
Compressor,BRA,3,0.0,0.0,0.0,0.0,0.0
Compressor,BRA,4,0.0,0.0,0.0,0.0,0.0
Compressor,BRA,5,0.0,0.0,0.0,0.0,0.0
Compressor,BRA,6,0.0,0.0,0.0,0.0,0.0
Compressor,BRA,7,0.0,0.0,0.0,0.0,0.0
Compressor,BRA,8,0.0,0.0,0.0,0.0,0.0
Compressor,BRA,9,0.0,0.0,0.0,0.0,0.0
Compressor,BRA,10,0.0,0.0,0.0,0.0,0.0
Compressor,BRA,11,0.0,0.0,0.0,0.0,0.0
Compressor,BRA,12,0.0,0.0,0.0,0.0,0.0
Compressor,BRA,13,0.0,0.0,0.0,0.0,0.0
Compressor,CHN,0,0.0,0.0,0.0,0.0,0.0
Compressor,CHN,1,0.0,0.0,0.0,0.0,0.0
Compressor,CHN,2,0.0,0.0,0.0,0.0,0.0
Compressor,CHN,3,0.0,0.0,0.0,0.0,0.0
Compressor,CHN,4,0.0,0.0,0.0,0.0,0.0
Compressor,CHN,5,0.0,0.0,0.0,0.0,0.0
Compressor,CHN,6,0.0,0.0,0.0,0.0,0.0
Compressor,CHN,7,0.0,0.0,0.0,0.0,0.0
Compressor,CHN,8,0.0,0.0,0.0,0.0,0.0
Compressor,CHN,9,0.0,0.0,0.0,0.0,0.0
Compressor,CHN,10,0.0,0.0,0.0,0.0,0.0
Compressor,CHN,11,0.0,0.0,0.0,0.0,0.0
Compressor,CHN,12,0.0,0.0,0.0,0.0,0.0
Compressor,CHN,13,0.0,0.0,0.0,0.0,0.0
Compressor,CZE,0,0.0,0.0,0.0,0.0,0.0
Compressor,CZE,1,0.0,0.0,0.0,0.0,0.0
Compressor,CZE,2,0.0,0.0,0.0,0.0,0.0
Compressor,CZE,3,0.0,0.0,0.0,0.0,0.0
Compressor,CZE,4,0.0,0.0,0.0,0.0,0.0
Compressor,CZE,5,0.0,0.0,0.0,0.0,0.0
Compressor,CZE,6,0.0,0.0,0.0,0.0,0.0
Compressor,CZE,7,0.0,0.0,0.0,0.0,0.0
Compressor,CZE,8,0.0,0.0,0.0,0.0,0.0
Compressor,CZE,9,0.0,0.0,0.0,0.0,0.0
Compressor,CZE,10,0.0,0.0,0.0,0.0,0.0
Compressor,CZE,11,0.0,0.0,0.0,0.0,0.0
Compressor,CZE,12,0.0,0.0,0.0,0.0,0.0
Compressor,CZE,13,0.0,0.0,0.0,0.0,0.0
Compressor,DEU,0,0.0,0.0,0.0,0.0,0.0
Compressor,DEU,1,0.0,0.0,0.0,0.0,0.0
Compressor,DEU,2,0.0,0.0,0.0,0.0,0.0
Compressor,DEU,3,0.0,0.0,0.0,0.0,0.0
Compressor,DEU,4,0.0,0.0,0.0,0.0,0.0
Compressor,DEU,5,0.0,0.0,0.0,0.0,0.0
Compressor,DEU,6,0.0,0.0,0.0,0.0,0.0
Compressor,DEU,7,0.0,0.0,0.0,0.0,0.0
Compressor,DEU,8,0.0,0.0,0.0,0.0,0.0
Compressor,DEU,9,0.0,0.0,0.0,0.0,0.0
Compressor,DEU,10,0.0,0.0,0.0,0.0,0.0
Compressor,DEU,11,0.0,0.0,0.0,0.0,0.0
Compressor,DEU,12,0.0,0.0,0.0,0.0,0.0
Compressor,DEU,13,0.0,0.0,0.0,0.0,0.0
Compressor,ITA,0,0.0,0.0,0.0,0.0,0.0
Compressor,ITA,1,0.0,0.0,0.0,0.0,0.0
Compressor,ITA,2,0.0,0.0,0.0,0.0,0.0
Compressor,ITA,3,0.0,0.0,0.0,0.0,0.0
Compressor,ITA,4,0.0,0.0,0.0,0.0,0.0
Compressor,ITA,5,0.0,0.0,0.0,0.0,0.0
Compressor,ITA,6,0.0,0.0,0.0,0.0,0.0
Compressor,ITA,7,0.0,0.0,0.0,0.0,0.0
Compressor,ITA,8,0.0,0.0,0.0,0.0,0.0
Compressor,ITA,9,0.0,0.0,0.0,0.0,0.0
Compressor,ITA,10,0.0,0.0,0.0,0.0,0.0
Compressor,ITA,11,0.0,0.0,0.0,0.0,0.0
Compressor,ITA,12,0.0,0.0,0.0,0.0,0.0
Compressor,ITA,13,0.0,0.0,0.0,0.0,0.0
Compressor,JPN,0,0.0,0.0,0.0,0.0,0.0
Compressor,JPN,1,0.0,0.0,0.0,0.0,0.0
Compressor,JPN,2,0.0,0.0,0.0,0.0,0.0
Compressor,JPN,3,0.0,0.0,0.0,0.0,0.0
Compressor,JPN,4,0.0,0.0,0.0,0.0,0.0
Compressor,JPN,5,0.0,0.0,0.0,0.0,0.0
Compressor,JPN,6,0.0,0.0,0.0,0.0,0.0
Compressor,JPN,7,0.0,0.0,0.0,0.0,0.0
Compressor,JPN,8,0.0,0.0,0.0,0.0,0.0
Compressor,JPN,9,0.0,0.0,0.0,0.0,0.0
Compressor,JPN,10,0.0,0.0,0.0,0.0,0.0
Compressor,JPN,11,0.0,0.0,0.0,0.0,0.0
Compressor,JPN,12,0.0,0.0,0.0,0.0,0.0
Compressor,JPN,13,0.0,0.0,0.0,0.0,0.0
Compressor,KOR,0,0.0,0.0,0.0,0.0,0.0
Compressor,KOR,1,0.0,0.0,0.0,0.0,0.0
Compressor,KOR,2,0.0,0.0,0.0,0.0,0.0
Compressor,KOR,3,0.0,0.0,0.0,0.0,0.0
Compressor,KOR,4,0.0,0.0,0.0,0.0,0.0
Compressor,KOR,5,0.0,0.0,0.0,0.0,0.0
Compressor,KOR,6,0.0,0.0,0.0,0.0,0.0
Compressor,KOR,7,0.0,0.0,0.0,0.0,0.0
Compressor,KOR,8,0.0,0.0,0.0,0.0,0.0
Compressor,KOR,9,0.0,0.0,0.0,0.0,0.0
Compressor,KOR,10,0.0,0.0,0.0,0.0,0.0
Compressor,KOR,11,0.0,0.0,0.0,0.0,0.0
Compressor,KOR,12,0.0,0.0,0.0,0.0,0.0
Compressor,KOR,13,0.0,0.0,0.0,0.0,0.0
Compressor,ROE,0,0.0,0.0,0.0,0.0,0.0
Compressor,ROE,1,0.0,0.0,0.0,0.0,0.0
Compressor,ROE,2,0.0,0.0,0.0,0.0,0.0
Compressor,ROE,3,0.0,0.0,0.0,0.0,0.0
Compressor,ROE,4,0.0,0.0,0.0,0.0,0.0
Compressor,ROE,5,0.0,0.0,0.0,0.0,0.0
Compressor,ROE,6,0.0,0.0,0.0,0.0,0.0
Compressor,ROE,7,0.0,0.0,0.0,0.0,0.0
Compressor,ROE,8,0.0,0.0,0.0,0.0,0.0
Compressor,ROE,9,0.0,0.0,0.0,0.0,0.0
Compressor,ROE,10,0.0,0.0,0.0,0.0,0.0
Compressor,ROE,11,0.0,0.0,0.0,0.0,0.0
Compressor,ROE,12,0.0,0.0,0.0,0.0,0.0
Compressor,ROE,13,0.0,0.0,0.0,0.0,0.0
Compressor,ROW,0,0.0,0.0,0.0,0.0,0.0
Compressor,ROW,1,0.0,0.0,0.0,0.0,0.0
Compressor,ROW,2,0.0,0.0,0.0,0.0,0.0
Compressor,ROW,3,0.0,0.0,0.0,0.0,0.0
Compressor,ROW,4,0.0,0.0,0.0,0.0,0.0
Compressor,ROW,5,0.0,0.0,0.0,0.0,0.0
Compressor,ROW,6,0.0,0.0,0.0,0.0,0.0
Compressor,ROW,7,0.0,0.0,0.0,0.0,0.0
Compressor,ROW,8,0.0,0.0,0.0,0.0,0.0
Compressor,ROW,9,0.0,0.0,0.0,0.0,0.0
Compressor,ROW,10,0.0,0.0,0.0,0.0,0.0
Compressor,ROW,11,0.0,0.0,0.0,0.0,0.0
Compressor,ROW,12,0.0,0.0,0.0,0.0,0.0
Compressor,ROW,13,0.0,0.0,0.0,0.0,0.0
Compressor,USA,0,0.0,0.0,0.0,0.0,0.0
Compressor,USA,1,0.0,0.0,0.0,0.0,0.0
Compressor,USA,2,0.0,0.0,0.0,0.0,0.0
Compressor,USA,3,0.0,0.0,0.0,0.0,0.0
Compressor,USA,4,0.0,0.0,0.0,0.0,0.0
Compressor,USA,5,0.0,0.0,0.0,0.0,0.0
Compressor,USA,6,0.0,0.0,0.0,0.0,0.0
Compressor,USA,7,0.0,0.0,0.0,0.0,0.0
Compressor,USA,8,0.0,0.0,0.0,0.0,0.0
Compressor,USA,9,0.0,0.0,0.0,0.0,0.0
Compressor,USA,10,0.0,0.0,0.0,0.0,0.0
Compressor,USA,11,0.0,0.0,0.0,0.0,0.0
Compressor,USA,12,0.0,0.0,0.0,0.0,0.0
Compressor,USA,13,0.0,0.0,0.0,0.0,0.0
Copper,AUS,0,0.0,0.0,0.0,0.0,0.0
Copper,AUS,1,0.0,0.0,0.0,0.0,0.0
Copper,AUS,2,0.0,0.0,0.0,0.0,0.0
Copper,AUS,3,0.0,0.0,0.0,0.0,0.0
Copper,AUS,4,0.0,0.0,0.0,0.0,0.0
Copper,AUS,5,0.0,0.0,0.0,0.0,0.0
Copper,AUS,6,0.0,0.0,0.0,0.0,0.0
Copper,AUS,7,0.0,0.0,0.0,0.0,0.0
Copper,AUS,8,0.0,0.0,0.0,0.0,0.0
Copper,AUS,9,0.0,0.0,0.0,0.0,0.0
Copper,AUS,10,0.0,0.0,0.0,0.0,0.0
Copper,AUS,11,0.0,0.0,0.0,0.0,0.0
Copper,AUS,12,0.0,0.0,0.0,0.0,0.0
Copper,AUS,13,0.0,0.0,0.0,0.0,0.0
Copper,AUT,0,0.0,0.0,0.0,0.0,0.0
Copper,AUT,1,0.0,0.0,0.0,0.0,0.0
Copper,AUT,2,0.0,0.0,0.0,0.0,0.0
Copper,AUT,3,0.0,0.0,0.0,0.0,0.0
Copper,AUT,4,0.0,0.0,0.0,0.0,0.0
Copper,AUT,5,0.0,0.0,0.0,0.0,0.0
Copper,AUT,6,0.0,0.0,0.0,0.0,0.0
Copper,AUT,7,0.0,0.0,0.0,0.0,0.0
Copper,AUT,8,0.0,0.0,0.0,0.0,0.0
Copper,AUT,9,0.0,0.0,0.0,0.0,0.0
Copper,AUT,10,0.0,0.0,0.0,0.0,0.0
Copper,AUT,11,0.0,0.0,0.0,0.0,0.0
Copper,AUT,12,0.0,0.0,0.0,0.0,0.0
Copper,AUT,13,0.0,0.0,0.0,0.0,0.0
Copper,BRA,0,0.0,0.0,0.0,0.0,0.0
Copper,BRA,1,0.0,0.0,0.0,0.0,0.0
Copper,BRA,2,0.0,0.0,0.0,0.0,0.0
Copper,BRA,3,0.0,0.0,0.0,0.0,0.0
Copper,BRA,4,0.0,0.0,0.0,0.0,0.0
Copper,BRA,5,0.0,0.0,0.0,0.0,0.0
Copper,BRA,6,0.0,0.0,0.0,0.0,0.0
Copper,BRA,7,0.0,0.0,0.0,0.0,0.0
Copper,BRA,8,0.0,0.0,0.0,0.0,0.0
Copper,BRA,9,0.0,0.0,0.0,0.0,0.0
Copper,BRA,10,0.0,0.0,0.0,0.0,0.0
Copper,BRA,11,0.0,0.0,0.0,0.0,0.0
Copper,BRA,12,0.0,0.0,0.0,0.0,0.0
Copper,BRA,13,0.0,0.0,0.0,0.0,0.0
Copper,CHN,0,0.0,0.0,0.0,0.0,0.0
Copper,CHN,1,0.0,0.0,0.0,0.0,0.0
Copper,CHN,2,0.0,0.0,0.0,0.0,0.0
Copper,CHN,3,0.0,0.0,0.0,0.0,0.0
Copper,CHN,4,0.0,0.0,0.0,0.0,0.0
Copper,CHN,5,0.0,0.0,0.0,0.0,0.0
Copper,CHN,6,0.0,0.0,0.0,0.0,0.0
Copper,CHN,7,0.0,0.0,0.0,0.0,0.0
Copper,CHN,8,0.0,0.0,0.0,0.0,0.0
Copper,CHN,9,0.0,0.0,0.0,0.0,0.0
Copper,CHN,10,0.0,0.0,0.0,0.0,0.0
Copper,CHN,11,0.0,0.0,0.0,0.0,0.0
Copper,CHN,12,0.0,0.0,0.0,0.0,0.0
Copper,CHN,13,0.0,0.0,0.0,0.0,0.0
Copper,CZE,0,0.0,0.0,0.0,0.0,0.0
Copper,CZE,1,0.0,0.0,0.0,0.0,0.0
Copper,CZE,2,0.0,0.0,0.0,0.0,0.0
Copper,CZE,3,0.0,0.0,0.0,0.0,0.0
Copper,CZE,4,0.0,0.0,0.0,0.0,0.0
Copper,CZE,5,0.0,0.0,0.0,0.0,0.0
Copper,CZE,6,0.0,0.0,0.0,0.0,0.0
Copper,CZE,7,0.0,0.0,0.0,0.0,0.0
Copper,CZE,8,0.0,0.0,0.0,0.0,0.0
Copper,CZE,9,0.0,0.0,0.0,0.0,0.0
Copper,CZE,10,0.0,0.0,0.0,0.0,0.0
Copper,CZE,11,0.0,0.0,0.0,0.0,0.0
Copper,CZE,12,0.0,0.0,0.0,0.0,0.0
Copper,CZE,13,0.0,0.0,0.0,0.0,0.0
Copper,DEU,0,0.0,0.0,0.0,0.0,0.0
Copper,DEU,1,0.0,0.0,0.0,0.0,0.0
Copper,DEU,2,0.0,0.0,0.0,0.0,0.0
Copper,DEU,3,0.0,0.0,0.0,0.0,0.0
Copper,DEU,4,0.0,0.0,0.0,0.0,0.0
Copper,DEU,5,0.0,0.0,0.0,0.0,0.0
Copper,DEU,6,0.0,0.0,0.0,0.0,0.0
Copper,DEU,7,0.0,0.0,0.0,0.0,0.0
Copper,DEU,8,0.0,0.0,0.0,0.0,0.0
Copper,DEU,9,0.0,0.0,0.0,0.0,0.0
Copper,DEU,10,0.0,0.0,0.0,0.0,0.0
Copper,DEU,11,0.0,0.0,0.0,0.0,0.0
Copper,DEU,12,0.0,0.0,0.0,0.0,0.0
Copper,DEU,13,0.0,0.0,0.0,0.0,0.0
Copper,ITA,0,0.0,0.0,0.0,0.0,0.0
Copper,ITA,1,0.0,0.0,0.0,0.0,0.0
Copper,ITA,2,0.0,0.0,0.0,0.0,0.0
Copper,ITA,3,0.0,0.0,0.0,0.0,0.0
Copper,ITA,4,0.0,0.0,0.0,0.0,0.0
Copper,ITA,5,0.0,0.0,0.0,0.0,0.0
Copper,ITA,6,0.0,0.0,0.0,0.0,0.0
Copper,ITA,7,0.0,0.0,0.0,0.0,0.0
Copper,ITA,8,0.0,0.0,0.0,0.0,0.0
Copper,ITA,9,0.0,0.0,0.0,0.0,0.0
Copper,ITA,10,0.0,0.0,0.0,0.0,0.0
Copper,ITA,11,0.0,0.0,0.0,0.0,0.0
Copper,ITA,12,0.0,0.0,0.0,0.0,0.0
Copper,ITA,13,0.0,0.0,0.0,0.0,0.0
Copper,JPN,0,0.0,0.0,0.0,0.0,0.0
Copper,JPN,1,0.0,0.0,0.0,0.0,0.0
Copper,JPN,2,0.0,0.0,0.0,0.0,0.0
Copper,JPN,3,0.0,0.0,0.0,0.0,0.0
Copper,JPN,4,0.0,0.0,0.0,0.0,0.0
Copper,JPN,5,0.0,0.0,0.0,0.0,0.0
Copper,JPN,6,0.0,0.0,0.0,0.0,0.0
Copper,JPN,7,0.0,0.0,0.0,0.0,0.0
Copper,JPN,8,0.0,0.0,0.0,0.0,0.0
Copper,JPN,9,0.0,0.0,0.0,0.0,0.0
Copper,JPN,10,0.0,0.0,0.0,0.0,0.0
Copper,JPN,11,0.0,0.0,0.0,0.0,0.0
Copper,JPN,12,0.0,0.0,0.0,0.0,0.0
Copper,JPN,13,0.0,0.0,0.0,0.0,0.0
Copper,KOR,0,0.0,0.0,0.0,0.0,0.0
Copper,KOR,1,0.0,0.0,0.0,0.0,0.0
Copper,KOR,2,0.0,0.0,0.0,0.0,0.0
Copper,KOR,3,0.0,0.0,0.0,0.0,0.0
Copper,KOR,4,0.0,0.0,0.0,0.0,0.0
Copper,KOR,5,0.0,0.0,0.0,0.0,0.0
Copper,KOR,6,0.0,0.0,0.0,0.0,0.0
Copper,KOR,7,0.0,0.0,0.0,0.0,0.0
Copper,KOR,8,0.0,0.0,0.0,0.0,0.0
Copper,KOR,9,0.0,0.0,0.0,0.0,0.0
Copper,KOR,10,0.0,0.0,0.0,0.0,0.0
Copper,KOR,11,0.0,0.0,0.0,0.0,0.0
Copper,KOR,12,0.0,0.0,0.0,0.0,0.0
Copper,KOR,13,0.0,0.0,0.0,0.0,0.0
Copper,ROE,0,0.0,0.0,0.0,0.0,0.0
Copper,ROE,1,0.0,0.0,0.0,0.0,0.0
Copper,ROE,2,0.0,0.0,0.0,0.0,0.0
Copper,ROE,3,0.0,0.0,0.0,0.0,0.0
Copper,ROE,4,0.0,0.0,0.0,0.0,0.0
Copper,ROE,5,0.0,0.0,0.0,0.0,0.0
Copper,ROE,6,0.0,0.0,0.0,0.0,0.0
Copper,ROE,7,0.0,0.0,0.0,0.0,0.0
Copper,ROE,8,0.0,0.0,0.0,0.0,0.0
Copper,ROE,9,0.0,0.0,0.0,0.0,0.0
Copper,ROE,10,0.0,0.0,0.0,0.0,0.0
Copper,ROE,11,0.0,0.0,0.0,0.0,0.0
Copper,ROE,12,0.0,0.0,0.0,0.0,0.0
Copper,ROE,13,0.0,0.0,0.0,0.0,0.0
Copper,ROW,0,0.0,0.0,0.0,0.0,0.0
Copper,ROW,1,0.0,0.0,0.0,0.0,0.0
Copper,ROW,2,0.0,0.0,0.0,0.0,0.0
Copper,ROW,3,0.0,0.0,0.0,0.0,0.0
Copper,ROW,4,0.0,0.0,0.0,0.0,0.0
Copper,ROW,5,0.0,0.0,0.0,0.0,0.0
Copper,ROW,6,0.0,0.0,0.0,0.0,0.0
Copper,ROW,7,0.0,0.0,0.0,0.0,0.0
Copper,ROW,8,0.0,0.0,0.0,0.0,0.0
Copper,ROW,9,0.0,0.0,0.0,0.0,0.0
Copper,ROW,10,0.0,0.0,0.0,0.0,0.0
Copper,ROW,11,0.0,0.0,0.0,0.0,0.0
Copper,ROW,12,0.0,0.0,0.0,0.0,0.0
Copper,ROW,13,0.0,0.0,0.0,0.0,0.0
Copper,USA,0,0.0,0.0,0.0,0.0,0.0
Copper,USA,1,0.0,0.0,0.0,0.0,0.0
Copper,USA,2,0.0,0.0,0.0,0.0,0.0
Copper,USA,3,0.0,0.0,0.0,0.0,0.0
Copper,USA,4,0.0,0.0,0.0,0.0,0.0
Copper,USA,5,0.0,0.0,0.0,0.0,0.0
Copper,USA,6,0.0,0.0,0.0,0.0,0.0
Copper,USA,7,0.0,0.0,0.0,0.0,0.0
Copper,USA,8,0.0,0.0,0.0,0.0,0.0
Copper,USA,9,0.0,0.0,0.0,0.0,0.0
Copper,USA,10,0.0,0.0,0.0,0.0,0.0
Copper,USA,11,0.0,0.0,0.0,0.0,0.0
Copper,USA,12,0.0,0.0,0.0,0.0,0.0
Copper,USA,13,0.0,0.0,0.0,0.0,0.0
Steel,AUS,0,0.0,0.0,0.0,0.0,0.0
Steel,AUS,1,0.0,0.0,0.0,0.0,0.0
Steel,AUS,2,0.0,0.0,0.0,0.0,0.0
Steel,AUS,3,0.0,0.0,0.0,0.0,0.0
Steel,AUS,4,0.0,0.0,0.0,0.0,0.0
Steel,AUS,5,0.0,0.0,0.0,0.0,0.0
Steel,AUS,6,0.0,0.0,0.0,0.0,0.0
Steel,AUS,7,0.0,0.0,0.0,0.0,0.0
Steel,AUS,8,0.0,0.0,0.0,0.0,0.0
Steel,AUS,9,0.0,0.0,0.0,0.0,0.0
Steel,AUS,10,0.0,0.0,0.0,0.0,0.0
Steel,AUS,11,0.0,0.0,0.0,0.0,0.0
Steel,AUS,12,0.0,0.0,0.0,0.0,0.0
Steel,AUS,13,0.0,0.0,0.0,0.0,0.0
Steel,AUT,0,0.0,0.0,0.0,0.0,0.0
Steel,AUT,1,0.0,0.0,0.0,0.0,0.0
Steel,AUT,2,0.0,0.0,0.0,0.0,0.0
Steel,AUT,3,0.0,0.0,0.0,0.0,0.0
Steel,AUT,4,0.0,0.0,0.0,0.0,0.0
Steel,AUT,5,0.0,0.0,0.0,0.0,0.0
Steel,AUT,6,0.0,0.0,0.0,0.0,0.0
Steel,AUT,7,0.0,0.0,0.0,0.0,0.0
Steel,AUT,8,0.0,0.0,0.0,0.0,0.0
Steel,AUT,9,0.0,0.0,0.0,0.0,0.0
Steel,AUT,10,0.0,0.0,0.0,0.0,0.0
Steel,AUT,11,0.0,0.0,0.0,0.0,0.0
Steel,AUT,12,0.0,0.0,0.0,0.0,0.0
Steel,AUT,13,0.0,0.0,0.0,0.0,0.0
Steel,BRA,0,0.0,0.0,0.0,0.0,0.0
Steel,BRA,1,0.0,0.0,0.0,0.0,0.0
Steel,BRA,2,0.0,0.0,0.0,0.0,0.0
Steel,BRA,3,0.0,0.0,0.0,0.0,0.0
Steel,BRA,4,0.0,0.0,0.0,0.0,0.0
Steel,BRA,5,0.0,0.0,0.0,0.0,0.0
Steel,BRA,6,0.0,0.0,0.0,0.0,0.0
Steel,BRA,7,0.0,0.0,0.0,0.0,0.0
Steel,BRA,8,0.0,0.0,0.0,0.0,0.0
Steel,BRA,9,0.0,0.0,0.0,0.0,0.0
Steel,BRA,10,0.0,0.0,0.0,0.0,0.0
Steel,BRA,11,0.0,0.0,0.0,0.0,0.0
Steel,BRA,12,0.0,0.0,0.0,0.0,0.0
Steel,BRA,13,0.0,0.0,0.0,0.0,0.0
Steel,CHN,0,0.0,0.0,0.0,0.0,0.0
Steel,CHN,1,0.0,0.0,0.0,0.0,0.0
Steel,CHN,2,0.0,0.0,0.0,0.0,0.0
Steel,CHN,3,0.0,0.0,0.0,0.0,0.0
Steel,CHN,4,0.0,0.0,0.0,0.0,0.0
Steel,CHN,5,0.0,0.0,0.0,0.0,0.0
Steel,CHN,6,0.0,0.0,0.0,0.0,0.0
Steel,CHN,7,0.0,0.0,0.0,0.0,0.0
Steel,CHN,8,0.0,0.0,0.0,0.0,0.0
Steel,CHN,9,0.0,0.0,0.0,0.0,0.0
Steel,CHN,10,0.0,0.0,0.0,0.0,0.0
Steel,CHN,11,0.0,0.0,0.0,0.0,0.0
Steel,CHN,12,0.0,0.0,0.0,0.0,0.0
Steel,CHN,13,0.0,0.0,0.0,0.0,0.0
Steel,CZE,0,0.0,0.0,0.0,0.0,0.0
Steel,CZE,1,0.0,0.0,0.0,0.0,0.0
Steel,CZE,2,0.0,0.0,0.0,0.0,0.0
Steel,CZE,3,0.0,0.0,0.0,0.0,0.0
Steel,CZE,4,0.0,0.0,0.0,0.0,0.0
Steel,CZE,5,0.0,0.0,0.0,0.0,0.0
Steel,CZE,6,0.0,0.0,0.0,0.0,0.0
Steel,CZE,7,0.0,0.0,0.0,0.0,0.0
Steel,CZE,8,0.0,0.0,0.0,0.0,0.0
Steel,CZE,9,0.0,0.0,0.0,0.0,0.0
Steel,CZE,10,0.0,0.0,0.0,0.0,0.0
Steel,CZE,11,0.0,0.0,0.0,0.0,0.0
Steel,CZE,12,0.0,0.0,0.0,0.0,0.0
Steel,CZE,13,0.0,0.0,0.0,0.0,0.0
Steel,DEU,0,0.0,0.0,0.0,0.0,0.0
Steel,DEU,1,0.0,0.0,0.0,0.0,0.0
Steel,DEU,2,0.0,0.0,0.0,0.0,0.0
Steel,DEU,3,0.0,0.0,0.0,0.0,0.0
Steel,DEU,4,0.0,0.0,0.0,0.0,0.0
Steel,DEU,5,0.0,0.0,0.0,0.0,0.0
Steel,DEU,6,0.0,0.0,0.0,0.0,0.0
Steel,DEU,7,0.0,0.0,0.0,0.0,0.0
Steel,DEU,8,0.0,0.0,0.0,0.0,0.0
Steel,DEU,9,0.0,0.0,0.0,0.0,0.0
Steel,DEU,10,0.0,0.0,0.0,0.0,0.0
Steel,DEU,11,0.0,0.0,0.0,0.0,0.0
Steel,DEU,12,0.0,0.0,0.0,0.0,0.0
Steel,DEU,13,0.0,0.0,0.0,0.0,0.0
Steel,ITA,0,0.0,0.0,0.0,0.0,0.0
Steel,ITA,1,0.0,0.0,0.0,0.0,0.0
Steel,ITA,2,0.0,0.0,0.0,0.0,0.0
Steel,ITA,3,0.0,0.0,0.0,0.0,0.0
Steel,ITA,4,0.0,0.0,0.0,0.0,0.0
Steel,ITA,5,0.0,0.0,0.0,0.0,0.0
Steel,ITA,6,0.0,0.0,0.0,0.0,0.0
Steel,ITA,7,0.0,0.0,0.0,0.0,0.0
Steel,ITA,8,0.0,0.0,0.0,0.0,0.0
Steel,ITA,9,0.0,0.0,0.0,0.0,0.0
Steel,ITA,10,0.0,0.0,0.0,0.0,0.0
Steel,ITA,11,0.0,0.0,0.0,0.0,0.0
Steel,ITA,12,0.0,0.0,0.0,0.0,0.0
Steel,ITA,13,0.0,0.0,0.0,0.0,0.0
Steel,JPN,0,0.0,0.0,0.0,0.0,0.0
Steel,JPN,1,0.0,0.0,0.0,0.0,0.0
Steel,JPN,2,0.0,0.0,0.0,0.0,0.0
Steel,JPN,3,0.0,0.0,0.0,0.0,0.0
Steel,JPN,4,0.0,0.0,0.0,0.0,0.0
Steel,JPN,5,0.0,0.0,0.0,0.0,0.0
Steel,JPN,6,0.0,0.0,0.0,0.0,0.0
Steel,JPN,7,0.0,0.0,0.0,0.0,0.0
Steel,JPN,8,0.0,0.0,0.0,0.0,0.0
Steel,JPN,9,0.0,0.0,0.0,0.0,0.0
Steel,JPN,10,0.0,0.0,0.0,0.0,0.0
Steel,JPN,11,0.0,0.0,0.0,0.0,0.0
Steel,JPN,12,0.0,0.0,0.0,0.0,0.0
Steel,JPN,13,0.0,0.0,0.0,0.0,0.0
Steel,KOR,0,0.0,0.0,0.0,0.0,0.0
Steel,KOR,1,0.0,0.0,0.0,0.0,0.0
Steel,KOR,2,0.0,0.0,0.0,0.0,0.0
Steel,KOR,3,0.0,0.0,0.0,0.0,0.0
Steel,KOR,4,0.0,0.0,0.0,0.0,0.0
Steel,KOR,5,0.0,0.0,0.0,0.0,0.0
Steel,KOR,6,0.0,0.0,0.0,0.0,0.0
Steel,KOR,7,0.0,0.0,0.0,0.0,0.0
Steel,KOR,8,0.0,0.0,0.0,0.0,0.0
Steel,KOR,9,0.0,0.0,0.0,0.0,0.0
Steel,KOR,10,0.0,0.0,0.0,0.0,0.0
Steel,KOR,11,0.0,0.0,0.0,0.0,0.0
Steel,KOR,12,0.0,0.0,0.0,0.0,0.0
Steel,KOR,13,0.0,0.0,0.0,0.0,0.0
Steel,ROE,0,0.0,0.0,0.0,0.0,0.0
Steel,ROE,1,0.0,0.0,0.0,0.0,0.0
Steel,ROE,2,0.0,0.0,0.0,0.0,0.0
Steel,ROE,3,0.0,0.0,0.0,0.0,0.0
Steel,ROE,4,0.0,0.0,0.0,0.0,0.0
Steel,ROE,5,0.0,0.0,0.0,0.0,0.0
Steel,ROE,6,0.0,0.0,0.0,0.0,0.0
Steel,ROE,7,0.0,0.0,0.0,0.0,0.0
Steel,ROE,8,0.0,0.0,0.0,0.0,0.0
Steel,ROE,9,0.0,0.0,0.0,0.0,0.0
Steel,ROE,10,0.0,0.0,0.0,0.0,0.0
Steel,ROE,11,0.0,0.0,0.0,0.0,0.0
Steel,ROE,12,0.0,0.0,0.0,0.0,0.0
Steel,ROE,13,0.0,0.0,0.0,0.0,0.0
Steel,ROW,0,0.0,0.0,0.0,0.0,0.0
Steel,ROW,1,0.0,0.0,0.0,0.0,0.0
Steel,ROW,2,0.0,0.0,0.0,0.0,0.0
Steel,ROW,3,0.0,0.0,0.0,0.0,0.0
Steel,ROW,4,0.0,0.0,0.0,0.0,0.0
Steel,ROW,5,0.0,0.0,0.0,0.0,0.0
Steel,ROW,6,0.0,0.0,0.0,0.0,0.0
Steel,ROW,7,0.0,0.0,0.0,0.0,0.0
Steel,ROW,8,0.0,0.0,0.0,0.0,0.0
Steel,ROW,9,0.0,0.0,0.0,0.0,0.0
Steel,ROW,10,0.0,0.0,0.0,0.0,0.0
Steel,ROW,11,0.0,0.0,0.0,0.0,0.0
Steel,ROW,12,0.0,0.0,0.0,0.0,0.0
Steel,ROW,13,0.0,0.0,0.0,0.0,0.0
Steel,USA,0,0.0,0.0,0.0,0.0,0.0
Steel,USA,1,0.0,0.0,0.0,0.0,0.0
Steel,USA,2,0.0,0.0,0.0,0.0,0.0
Steel,USA,3,0.0,0.0,0.0,0.0,0.0
Steel,USA,4,0.0,0.0,0.0,0.0,0.0
Steel,USA,5,0.0,0.0,0.0,0.0,0.0
Steel,USA,6,0.0,0.0,0.0,0.0,0.0
Steel,USA,7,0.0,0.0,0.0,0.0,0.0
Steel,USA,8,0.0,0.0,0.0,0.0,0.0
Steel,USA,9,0.0,0.0,0.0,0.0,0.0
Steel,USA,10,0.0,0.0,0.0,0.0,0.0
Steel,USA,11,0.0,0.0,0.0,0.0,0.0
Steel,USA,12,0.0,0.0,0.0,0.0,0.0
Steel,USA,13,0.0,0.0,0.0,0.0,0.0
Copper_ore,AUS,0,0.0,0.0,0.0,0.0,0.0
Copper_ore,AUS,1,0.0,0.0,0.0,0.0,0.0
Copper_ore,AUS,2,0.0,0.0,0.0,0.0,0.0
Copper_ore,AUS,3,0.0,0.0,0.0,0.0,0.0
Copper_ore,AUS,4,0.0,0.0,0.0,0.0,0.0
Copper_ore,AUS,5,0.0,0.0,0.0,0.0,0.0
Copper_ore,AUS,6,0.0,0.0,0.0,0.0,0.0
Copper_ore,AUS,7,0.0,0.0,0.0,0.0,0.0
Copper_ore,AUS,8,0.0,0.0,0.0,0.0,0.0
Copper_ore,AUS,9,0.0,0.0,0.0,0.0,0.0
Copper_ore,AUS,10,0.0,0.0,0.0,0.0,0.0
Copper_ore,AUS,11,0.0,0.0,0.0,0.0,0.0
Copper_ore,AUS,12,0.0,0.0,0.0,0.0,0.0
Copper_ore,AUS,13,0.0,0.0,0.0,0.0,0.0
Copper_ore,AUT,0,0.0,0.0,0.0,0.0,0.0
Copper_ore,AUT,1,0.0,0.0,0.0,0.0,0.0
Copper_ore,AUT,2,0.0,0.0,0.0,0.0,0.0
Copper_ore,AUT,3,0.0,0.0,0.0,0.0,0.0
Copper_ore,AUT,4,0.0,0.0,0.0,0.0,0.0
Copper_ore,AUT,5,0.0,0.0,0.0,0.0,0.0
Copper_ore,AUT,6,0.0,0.0,0.0,0.0,0.0
Copper_ore,AUT,7,0.0,0.0,0.0,0.0,0.0
Copper_ore,AUT,8,0.0,0.0,0.0,0.0,0.0
Copper_ore,AUT,9,0.0,0.0,0.0,0.0,0.0
Copper_ore,AUT,10,0.0,0.0,0.0,0.0,0.0
Copper_ore,AUT,11,0.0,0.0,0.0,0.0,0.0
Copper_ore,AUT,12,0.0,0.0,0.0,0.0,0.0
Copper_ore,AUT,13,0.0,0.0,0.0,0.0,0.0
Copper_ore,BRA,0,0.0,0.0,0.0,0.0,0.0
Copper_ore,BRA,1,0.0,0.0,0.0,0.0,0.0
Copper_ore,BRA,2,0.0,0.0,0.0,0.0,0.0
Copper_ore,BRA,3,0.0,0.0,0.0,0.0,0.0
Copper_ore,BRA,4,0.0,0.0,0.0,0.0,0.0
Copper_ore,BRA,5,0.0,0.0,0.0,0.0,0.0
Copper_ore,BRA,6,0.0,0.0,0.0,0.0,0.0
Copper_ore,BRA,7,0.0,0.0,0.0,0.0,0.0
Copper_ore,BRA,8,0.0,0.0,0.0,0.0,0.0
Copper_ore,BRA,9,0.0,0.0,0.0,0.0,0.0
Copper_ore,BRA,10,0.0,0.0,0.0,0.0,0.0
Copper_ore,BRA,11,0.0,0.0,0.0,0.0,0.0
Copper_ore,BRA,12,0.0,0.0,0.0,0.0,0.0
Copper_ore,BRA,13,0.0,0.0,0.0,0.0,0.0
Copper_ore,CHN,0,0.0,0.0,0.0,0.0,0.0
Copper_ore,CHN,1,0.0,0.0,0.0,0.0,0.0
Copper_ore,CHN,2,0.0,0.0,0.0,0.0,0.0
Copper_ore,CHN,3,0.0,0.0,0.0,0.0,0.0
Copper_ore,CHN,4,0.0,0.0,0.0,0.0,0.0
Copper_ore,CHN,5,0.0,0.0,0.0,0.0,0.0
Copper_ore,CHN,6,0.0,0.0,0.0,0.0,0.0
Copper_ore,CHN,7,0.0,0.0,0.0,0.0,0.0
Copper_ore,CHN,8,0.0,0.0,0.0,0.0,0.0
Copper_ore,CHN,9,0.0,0.0,0.0,0.0,0.0
Copper_ore,CHN,10,0.0,0.0,0.0,0.0,0.0
Copper_ore,CHN,11,0.0,0.0,0.0,0.0,0.0
Copper_ore,CHN,12,0.0,0.0,0.0,0.0,0.0
Copper_ore,CHN,13,0.0,0.0,0.0,0.0,0.0
Copper_ore,CZE,0,0.0,0.0,0.0,0.0,0.0
Copper_ore,CZE,1,0.0,0.0,0.0,0.0,0.0
Copper_ore,CZE,2,0.0,0.0,0.0,0.0,0.0
Copper_ore,CZE,3,0.0,0.0,0.0,0.0,0.0
Copper_ore,CZE,4,0.0,0.0,0.0,0.0,0.0
Copper_ore,CZE,5,0.0,0.0,0.0,0.0,0.0
Copper_ore,CZE,6,0.0,0.0,0.0,0.0,0.0
Copper_ore,CZE,7,0.0,0.0,0.0,0.0,0.0
Copper_ore,CZE,8,0.0,0.0,0.0,0.0,0.0
Copper_ore,CZE,9,0.0,0.0,0.0,0.0,0.0
Copper_ore,CZE,10,0.0,0.0,0.0,0.0,0.0
Copper_ore,CZE,11,0.0,0.0,0.0,0.0,0.0
Copper_ore,CZE,12,0.0,0.0,0.0,0.0,0.0
Copper_ore,CZE,13,0.0,0.0,0.0,0.0,0.0
Copper_ore,DEU,0,0.0,0.0,0.0,0.0,0.0
Copper_ore,DEU,1,0.0,0.0,0.0,0.0,0.0
Copper_ore,DEU,2,0.0,0.0,0.0,0.0,0.0
Copper_ore,DEU,3,0.0,0.0,0.0,0.0,0.0
Copper_ore,DEU,4,0.0,0.0,0.0,0.0,0.0
Copper_ore,DEU,5,0.0,0.0,0.0,0.0,0.0
Copper_ore,DEU,6,0.0,0.0,0.0,0.0,0.0
Copper_ore,DEU,7,0.0,0.0,0.0,0.0,0.0
Copper_ore,DEU,8,0.0,0.0,0.0,0.0,0.0
Copper_ore,DEU,9,0.0,0.0,0.0,0.0,0.0
Copper_ore,DEU,10,0.0,0.0,0.0,0.0,0.0
Copper_ore,DEU,11,0.0,0.0,0.0,0.0,0.0
Copper_ore,DEU,12,0.0,0.0,0.0,0.0,0.0
Copper_ore,DEU,13,0.0,0.0,0.0,0.0,0.0
Copper_ore,ITA,0,0.0,0.0,0.0,0.0,0.0
Copper_ore,ITA,1,0.0,0.0,0.0,0.0,0.0
Copper_ore,ITA,2,0.0,0.0,0.0,0.0,0.0
Copper_ore,ITA,3,0.0,0.0,0.0,0.0,0.0
Copper_ore,ITA,4,0.0,0.0,0.0,0.0,0.0
Copper_ore,ITA,5,0.0,0.0,0.0,0.0,0.0
Copper_ore,ITA,6,0.0,0.0,0.0,0.0,0.0
Copper_ore,ITA,7,0.0,0.0,0.0,0.0,0.0
Copper_ore,ITA,8,0.0,0.0,0.0,0.0,0.0
Copper_ore,ITA,9,0.0,0.0,0.0,0.0,0.0
Copper_ore,ITA,10,0.0,0.0,0.0,0.0,0.0
Copper_ore,ITA,11,0.0,0.0,0.0,0.0,0.0
Copper_ore,ITA,12,0.0,0.0,0.0,0.0,0.0
Copper_ore,ITA,13,0.0,0.0,0.0,0.0,0.0
Copper_ore,JPN,0,0.0,0.0,0.0,0.0,0.0
Copper_ore,JPN,1,0.0,0.0,0.0,0.0,0.0
Copper_ore,JPN,2,0.0,0.0,0.0,0.0,0.0
Copper_ore,JPN,3,0.0,0.0,0.0,0.0,0.0
Copper_ore,JPN,4,0.0,0.0,0.0,0.0,0.0
Copper_ore,JPN,5,0.0,0.0,0.0,0.0,0.0
Copper_ore,JPN,6,0.0,0.0,0.0,0.0,0.0
Copper_ore,JPN,7,0.0,0.0,0.0,0.0,0.0
Copper_ore,JPN,8,0.0,0.0,0.0,0.0,0.0
Copper_ore,JPN,9,0.0,0.0,0.0,0.0,0.0
Copper_ore,JPN,10,0.0,0.0,0.0,0.0,0.0
Copper_ore,JPN,11,0.0,0.0,0.0,0.0,0.0
Copper_ore,JPN,12,0.0,0.0,0.0,0.0,0.0
Copper_ore,JPN,13,0.0,0.0,0.0,0.0,0.0
Copper_ore,KOR,0,0.0,0.0,0.0,0.0,0.0
Copper_ore,KOR,1,0.0,0.0,0.0,0.0,0.0
Copper_ore,KOR,2,0.0,0.0,0.0,0.0,0.0
Copper_ore,KOR,3,0.0,0.0,0.0,0.0,0.0
Copper_ore,KOR,4,0.0,0.0,0.0,0.0,0.0
Copper_ore,KOR,5,0.0,0.0,0.0,0.0,0.0
Copper_ore,KOR,6,0.0,0.0,0.0,0.0,0.0
Copper_ore,KOR,7,0.0,0.0,0.0,0.0,0.0
Copper_ore,KOR,8,0.0,0.0,0.0,0.0,0.0
Copper_ore,KOR,9,0.0,0.0,0.0,0.0,0.0
Copper_ore,KOR,10,0.0,0.0,0.0,0.0,0.0
Copper_ore,KOR,11,0.0,0.0,0.0,0.0,0.0
Copper_ore,KOR,12,0.0,0.0,0.0,0.0,0.0
Copper_ore,KOR,13,0.0,0.0,0.0,0.0,0.0
Copper_ore,ROE,0,0.0,0.0,0.0,0.0,0.0
Copper_ore,ROE,1,0.0,0.0,0.0,0.0,0.0
Copper_ore,ROE,2,0.0,0.0,0.0,0.0,0.0
Copper_ore,ROE,3,0.0,0.0,0.0,0.0,0.0
Copper_ore,ROE,4,0.0,0.0,0.0,0.0,0.0
Copper_ore,ROE,5,0.0,0.0,0.0,0.0,0.0
Copper_ore,ROE,6,0.0,0.0,0.0,0.0,0.0
Copper_ore,ROE,7,0.0,0.0,0.0,0.0,0.0
Copper_ore,ROE,8,0.0,0.0,0.0,0.0,0.0
Copper_ore,ROE,9,0.0,0.0,0.0,0.0,0.0
Copper_ore,ROE,10,0.0,0.0,0.0,0.0,0.0
Copper_ore,ROE,11,0.0,0.0,0.0,0.0,0.0
Copper_ore,ROE,12,0.0,0.0,0.0,0.0,0.0
Copper_ore,ROE,13,0.0,0.0,0.0,0.0,0.0
Copper_ore,ROW,0,0.0,0.0,0.0,0.0,0.0
Copper_ore,ROW,1,0.0,0.0,0.0,0.0,0.0
Copper_ore,ROW,2,0.0,0.0,0.0,0.0,0.0
Copper_ore,ROW,3,0.0,0.0,0.0,0.0,0.0
Copper_ore,ROW,4,0.0,0.0,0.0,0.0,0.0
Copper_ore,ROW,5,0.0,0.0,0.0,0.0,0.0
Copper_ore,ROW,6,0.0,0.0,0.0,0.0,0.0
Copper_ore,ROW,7,0.0,0.0,0.0,0.0,0.0
Copper_ore,ROW,8,0.0,0.0,0.0,0.0,0.0
Copper_ore,ROW,9,0.0,0.0,0.0,0.0,0.0
Copper_ore,ROW,10,0.0,0.0,0.0,0.0,0.0
Copper_ore,ROW,11,0.0,0.0,0.0,0.0,0.0
Copper_ore,ROW,12,0.0,0.0,0.0,0.0,0.0
Copper_ore,ROW,13,0.0,0.0,0.0,0.0,0.0
Copper_ore,USA,0,0.0,0.0,0.0,0.0,0.0
Copper_ore,USA,1,0.0,0.0,0.0,0.0,0.0
Copper_ore,USA,2,0.0,0.0,0.0,0.0,0.0
Copper_ore,USA,3,0.0,0.0,0.0,0.0,0.0
Copper_ore,USA,4,0.0,0.0,0.0,0.0,0.0
Copper_ore,USA,5,0.0,0.0,0.0,0.0,0.0
Copper_ore,USA,6,0.0,0.0,0.0,0.0,0.0
Copper_ore,USA,7,0.0,0.0,0.0,0.0,0.0
Copper_ore,USA,8,0.0,0.0,0.0,0.0,0.0
Copper_ore,USA,9,0.0,0.0,0.0,0.0,0.0
Copper_ore,USA,10,0.0,0.0,0.0,0.0,0.0
Copper_ore,USA,11,0.0,0.0,0.0,0.0,0.0
Copper_ore,USA,12,0.0,0.0,0.0,0.0,0.0
Copper_ore,USA,13,0.0,0.0,0.0,0.0,0.0
Copper_reserves,AUS,0,0.0,0.0,0.0,0.0,0.0
Copper_reserves,AUS,1,0.0,0.0,0.0,0.0,0.0
Copper_reserves,AUS,2,0.0,0.0,0.0,0.0,0.0
Copper_reserves,AUS,3,0.0,0.0,0.0,0.0,0.0
Copper_reserves,AUS,4,0.0,0.0,0.0,0.0,0.0
Copper_reserves,AUS,5,0.0,0.0,0.0,0.0,0.0
Copper_reserves,AUS,6,0.0,0.0,0.0,0.0,0.0
Copper_reserves,AUS,7,0.0,0.0,0.0,0.0,0.0
Copper_reserves,AUS,8,0.0,0.0,0.0,0.0,0.0
Copper_reserves,AUS,9,0.0,0.0,0.0,0.0,0.0
Copper_reserves,AUS,10,0.0,0.0,0.0,0.0,0.0
Copper_reserves,AUS,11,0.0,0.0,0.0,0.0,0.0
Copper_reserves,AUS,12,0.0,0.0,0.0,0.0,0.0
Copper_reserves,AUS,13,0.0,0.0,0.0,0.0,0.0
Copper_reserves,AUT,0,0.0,0.0,0.0,0.0,0.0
Copper_reserves,AUT,1,0.0,0.0,0.0,0.0,0.0
Copper_reserves,AUT,2,0.0,0.0,0.0,0.0,0.0
Copper_reserves,AUT,3,0.0,0.0,0.0,0.0,0.0
Copper_reserves,AUT,4,0.0,0.0,0.0,0.0,0.0
Copper_reserves,AUT,5,0.0,0.0,0.0,0.0,0.0
Copper_reserves,AUT,6,0.0,0.0,0.0,0.0,0.0
Copper_reserves,AUT,7,0.0,0.0,0.0,0.0,0.0
Copper_reserves,AUT,8,0.0,0.0,0.0,0.0,0.0
Copper_reserves,AUT,9,0.0,0.0,0.0,0.0,0.0
Copper_reserves,AUT,10,0.0,0.0,0.0,0.0,0.0
Copper_reserves,AUT,11,0.0,0.0,0.0,0.0,0.0
Copper_reserves,AUT,12,0.0,0.0,0.0,0.0,0.0
Copper_reserves,AUT,13,0.0,0.0,0.0,0.0,0.0
Copper_reserves,BRA,0,0.0,0.0,0.0,0.0,0.0
Copper_reserves,BRA,1,0.0,0.0,0.0,0.0,0.0
Copper_reserves,BRA,2,0.0,0.0,0.0,0.0,0.0
Copper_reserves,BRA,3,0.0,0.0,0.0,0.0,0.0
Copper_reserves,BRA,4,0.0,0.0,0.0,0.0,0.0
Copper_reserves,BRA,5,0.0,0.0,0.0,0.0,0.0
Copper_reserves,BRA,6,0.0,0.0,0.0,0.0,0.0
Copper_reserves,BRA,7,0.0,0.0,0.0,0.0,0.0
Copper_reserves,BRA,8,0.0,0.0,0.0,0.0,0.0
Copper_reserves,BRA,9,0.0,0.0,0.0,0.0,0.0
Copper_reserves,BRA,10,0.0,0.0,0.0,0.0,0.0
Copper_reserves,BRA,11,0.0,0.0,0.0,0.0,0.0
Copper_reserves,BRA,12,0.0,0.0,0.0,0.0,0.0
Copper_reserves,BRA,13,0.0,0.0,0.0,0.0,0.0
Copper_reserves,CHN,0,76.82624999999985,76.82624999999986,76.8262499999998,76.8262499999999,76.82624999999986
Copper_reserves,CHN,1,127.61649446374983,127.6164944637498,127.61649446374969,127.61649446374992,127.6164944637498
Copper_reserves,CHN,2,184.2107161862498,184.2107161862499,184.21071618624993,184.21071618625,184.21071618624995
Copper_reserves,CHN,3,247.41251114749986,247.41251114749988,247.41251114749994,247.41251114749997,247.4125111474999
Copper_reserves,CHN,4,318.14849260375007,318.14849260375,318.14849260375,318.1484926037498,318.14849260374996
Copper_reserves,CHN,5,380.0,380.0,380.0,380.0,380.0
Copper_reserves,CHN,6,380.0,380.0,380.0,380.0,380.0
Copper_reserves,CHN,7,380.0,380.0,380.0,380.0,380.0
Copper_reserves,CHN,8,380.0,380.0,380.0,380.0,380.0
Copper_reserves,CHN,9,380.0,380.0,380.0,380.0,380.0
Copper_reserves,CHN,10,380.0,380.0,380.0,380.0,380.0
Copper_reserves,CHN,11,380.0,380.0,380.0,380.0,380.0
Copper_reserves,CHN,12,380.0,380.0,380.0,380.0,380.0
Copper_reserves,CHN,13,380.0,380.0,380.0,380.0,380.0
Copper_reserves,CZE,0,0.0,0.0,0.0,0.0,0.0
Copper_reserves,CZE,1,0.0,0.0,0.0,0.0,0.0
Copper_reserves,CZE,2,0.0,0.0,0.0,0.0,0.0
Copper_reserves,CZE,3,0.0,0.0,0.0,0.0,0.0
Copper_reserves,CZE,4,0.0,0.0,0.0,0.0,0.0
Copper_reserves,CZE,5,0.0,0.0,0.0,0.0,0.0
Copper_reserves,CZE,6,0.0,0.0,0.0,0.0,0.0
Copper_reserves,CZE,7,0.0,0.0,0.0,0.0,0.0
Copper_reserves,CZE,8,0.0,0.0,0.0,0.0,0.0
Copper_reserves,CZE,9,0.0,0.0,0.0,0.0,0.0
Copper_reserves,CZE,10,0.0,0.0,0.0,0.0,0.0
Copper_reserves,CZE,11,0.0,0.0,0.0,0.0,0.0
Copper_reserves,CZE,12,0.0,0.0,0.0,0.0,0.0
Copper_reserves,CZE,13,0.0,0.0,0.0,0.0,0.0
Copper_reserves,DEU,0,0.0,0.0,0.0,0.0,0.0
Copper_reserves,DEU,1,0.0,0.0,0.0,0.0,0.0
Copper_reserves,DEU,2,0.0,0.0,0.0,0.0,0.0
Copper_reserves,DEU,3,0.0,0.0,0.0,0.0,0.0
Copper_reserves,DEU,4,0.0,0.0,0.0,0.0,0.0
Copper_reserves,DEU,5,0.0,0.0,0.0,0.0,0.0
Copper_reserves,DEU,6,0.0,0.0,0.0,0.0,0.0
Copper_reserves,DEU,7,0.0,0.0,0.0,0.0,0.0
Copper_reserves,DEU,8,0.0,0.0,0.0,0.0,0.0
Copper_reserves,DEU,9,0.0,0.0,0.0,0.0,0.0
Copper_reserves,DEU,10,0.0,0.0,0.0,0.0,0.0
Copper_reserves,DEU,11,0.0,0.0,0.0,0.0,0.0
Copper_reserves,DEU,12,0.0,0.0,0.0,0.0,0.0
Copper_reserves,DEU,13,0.0,0.0,0.0,0.0,0.0
Copper_reserves,ITA,0,0.0,0.0,0.0,0.0,0.0
Copper_reserves,ITA,1,0.0,0.0,0.0,0.0,0.0
Copper_reserves,ITA,2,0.0,0.0,0.0,0.0,0.0
Copper_reserves,ITA,3,0.0,0.0,0.0,0.0,0.0
Copper_reserves,ITA,4,0.0,0.0,0.0,0.0,0.0
Copper_reserves,ITA,5,0.0,0.0,0.0,0.0,0.0
Copper_reserves,ITA,6,0.0,0.0,0.0,0.0,0.0
Copper_reserves,ITA,7,0.0,0.0,0.0,0.0,0.0
Copper_reserves,ITA,8,0.0,0.0,0.0,0.0,0.0
Copper_reserves,ITA,9,0.0,0.0,0.0,0.0,0.0
Copper_reserves,ITA,10,0.0,0.0,0.0,0.0,0.0
Copper_reserves,ITA,11,0.0,0.0,0.0,0.0,0.0
Copper_reserves,ITA,12,0.0,0.0,0.0,0.0,0.0
Copper_reserves,ITA,13,0.0,0.0,0.0,0.0,0.0
Copper_reserves,JPN,0,0.0,0.0,0.0,0.0,0.0
Copper_reserves,JPN,1,0.0,0.0,0.0,0.0,0.0
Copper_reserves,JPN,2,0.0,0.0,0.0,0.0,0.0
Copper_reserves,JPN,3,0.0,0.0,0.0,0.0,0.0
Copper_reserves,JPN,4,0.0,0.0,0.0,0.0,0.0
Copper_reserves,JPN,5,0.0,0.0,0.0,0.0,0.0
Copper_reserves,JPN,6,0.0,0.0,0.0,0.0,0.0
Copper_reserves,JPN,7,0.0,0.0,0.0,0.0,0.0
Copper_reserves,JPN,8,0.0,0.0,0.0,0.0,0.0
Copper_reserves,JPN,9,0.0,0.0,0.0,0.0,0.0
Copper_reserves,JPN,10,0.0,0.0,0.0,0.0,0.0
Copper_reserves,JPN,11,0.0,0.0,0.0,0.0,0.0
Copper_reserves,JPN,12,0.0,0.0,0.0,0.0,0.0
Copper_reserves,JPN,13,0.0,0.0,0.0,0.0,0.0
Copper_reserves,KOR,0,0.0,0.0,0.0,0.0,0.0
Copper_reserves,KOR,1,0.0,0.0,0.0,0.0,0.0
Copper_reserves,KOR,2,0.0,0.0,0.0,0.0,0.0
Copper_reserves,KOR,3,0.0,0.0,0.0,0.0,0.0
Copper_reserves,KOR,4,0.0,0.0,0.0,0.0,0.0
Copper_reserves,KOR,5,0.0,0.0,0.0,0.0,0.0
Copper_reserves,KOR,6,0.0,0.0,0.0,0.0,0.0
Copper_reserves,KOR,7,0.0,0.0,0.0,0.0,0.0
Copper_reserves,KOR,8,0.0,0.0,0.0,0.0,0.0
Copper_reserves,KOR,9,0.0,0.0,0.0,0.0,0.0
Copper_reserves,KOR,10,0.0,0.0,0.0,0.0,0.0
Copper_reserves,KOR,11,0.0,0.0,0.0,0.0,0.0
Copper_reserves,KOR,12,0.0,0.0,0.0,0.0,0.0
Copper_reserves,KOR,13,0.0,0.0,0.0,0.0,0.0
Copper_reserves,ROE,0,535.2,535.2,535.2,535.2,535.2
Copper_reserves,ROE,1,535.2,535.2,535.2,535.2,535.2
Copper_reserves,ROE,2,535.2,535.2,535.2,535.2,535.2
Copper_reserves,ROE,3,535.2,535.2,535.2,535.2,535.2
Copper_reserves,ROE,4,535.2,535.2,535.2,535.2,535.2
Copper_reserves,ROE,5,535.2,535.2,535.2,535.2,535.2
Copper_reserves,ROE,6,535.2,535.2,535.2,535.2,535.2
Copper_reserves,ROE,7,535.2,535.2,535.2,535.2,535.2
Copper_reserves,ROE,8,535.2,535.2,535.2,535.2,535.2
Copper_reserves,ROE,9,535.2,535.2,535.2,535.2,535.2
Copper_reserves,ROE,10,535.2,535.2,535.2,535.2,535.2
Copper_reserves,ROE,11,535.2,535.2,535.2,535.2,535.2
Copper_reserves,ROE,12,535.2,535.2,535.2,535.2,535.2
Copper_reserves,ROE,13,535.2,535.2,535.2,535.2,535.2
Copper_reserves,ROW,0,0.0,0.0,0.0,0.0,0.0
Copper_reserves,ROW,1,0.0,0.0,0.0,0.0,0.0
Copper_reserves,ROW,2,0.0,0.0,0.0,0.0,0.0
Copper_reserves,ROW,3,0.0,0.0,0.0,0.0,0.0
Copper_reserves,ROW,4,0.0,0.0,0.0,0.0,0.0
Copper_reserves,ROW,5,17.488190211249773,17.488190211249872,17.4881902112499,17.488190211249943,17.488190211250004
Copper_reserves,ROW,6,106.66713609749995,106.66713609749988,106.66713609749996,106.6671360974999,106.66713609749988
Copper_reserves,ROW,7,207.1138656949998,207.11386569499984,207.1138656949999,207.113865695,207.11386569500004
Copper_reserves,ROW,8,320.48127443749996,320.4812744374999,320.4812744375,320.4812744375,320.48127443749985
Copper_reserves,ROW,9,448.6833779312499,448.6833779312499,448.6833779294855,448.68337793124994,448.6833779312498
Copper_reserves,ROW,10,593.9379994075,593.9379994074999,593.9379994092645,593.9379994074999,593.9379994074999
Copper_reserves,ROW,11,758.8167518662501,758.8167518644855,758.8167518644857,758.81675186625,758.8167518662501
Copper_reserves,ROW,12,918.1218749999999,946.3032081369853,946.3032081369854,946.3032081387499,918.121875
Copper_reserves,ROW,13,1049.9005,1159.8609901809568,1159.8609901809564,1159.8609901862499,1049.9004999999997
Copper_reserves,USA,0,0.0,0.0,0.0,0.0,0.0
Copper_reserves,USA,1,0.0,0.0,0.0,0.0,0.0
Copper_reserves,USA,2,0.0,0.0,0.0,0.0,0.0
Copper_reserves,USA,3,0.0,0.0,0.0,0.0,0.0
Copper_reserves,USA,4,0.0,0.0,0.0,0.0,0.0
Copper_reserves,USA,5,0.0,0.0,0.0,0.0,0.0
Copper_reserves,USA,6,0.0,0.0,0.0,0.0,0.0
Copper_reserves,USA,7,0.0,0.0,0.0,0.0,0.0
Copper_reserves,USA,8,0.0,0.0,0.0,0.0,0.0
Copper_reserves,USA,9,0.0,0.0,0.0,0.0,0.0
Copper_reserves,USA,10,0.0,0.0,0.0,0.0,0.0
Copper_reserves,USA,11,0.0,0.0,0.0,0.0,0.0
Copper_reserves,USA,12,0.0,0.0,0.0,0.0,0.0
Copper_reserves,USA,13,0.0,0.0,0.0,0.0,0.0
HEX,AUS,0,0.0,0.0,0.0,0.0,0.0
HEX,AUS,1,0.0,0.0,0.0,0.0,0.0
HEX,AUS,2,0.0,0.0,0.0,0.0,0.0
HEX,AUS,3,0.0,0.0,0.0,0.0,0.0
HEX,AUS,4,0.0,0.0,0.0,0.0,0.0
HEX,AUS,5,0.0,0.0,0.0,0.0,0.0
HEX,AUS,6,0.0,0.0,0.0,0.0,0.0
HEX,AUS,7,0.0,0.0,0.0,0.0,0.0
HEX,AUS,8,0.0,0.0,0.0,0.0,0.0
HEX,AUS,9,0.0,0.0,0.0,0.0,0.0
HEX,AUS,10,0.0,0.0,0.0,0.0,0.0
HEX,AUS,11,0.0,0.0,0.0,0.0,0.0
HEX,AUS,12,0.0,0.0,0.0,0.0,0.0
HEX,AUS,13,0.0,0.0,0.0,0.0,0.0
HEX,AUT,0,0.0,0.0,0.0,0.0,0.0
HEX,AUT,1,0.0,0.0,0.0,0.0,0.0
HEX,AUT,2,0.0,0.0,0.0,0.0,0.0
HEX,AUT,3,0.0,0.0,0.0,0.0,0.0
HEX,AUT,4,0.0,0.0,0.0,0.0,0.0
HEX,AUT,5,0.0,0.0,0.0,0.0,0.0
HEX,AUT,6,0.0,0.0,0.0,0.0,0.0
HEX,AUT,7,0.0,0.0,0.0,0.0,0.0
HEX,AUT,8,0.0,0.0,0.0,0.0,0.0
HEX,AUT,9,0.0,0.0,0.0,0.0,0.0
HEX,AUT,10,0.0,0.0,0.0,0.0,0.0
HEX,AUT,11,0.0,0.0,0.0,0.0,0.0
HEX,AUT,12,0.0,0.0,0.0,0.0,0.0
HEX,AUT,13,0.0,0.0,0.0,0.0,0.0
HEX,BRA,0,0.0,0.0,0.0,0.0,0.0
HEX,BRA,1,0.0,0.0,0.0,0.0,0.0
HEX,BRA,2,0.0,0.0,0.0,0.0,0.0
HEX,BRA,3,0.0,0.0,0.0,0.0,0.0
HEX,BRA,4,0.0,0.0,0.0,0.0,0.0
HEX,BRA,5,0.0,0.0,0.0,0.0,0.0
HEX,BRA,6,0.0,0.0,0.0,0.0,0.0
HEX,BRA,7,0.0,0.0,0.0,0.0,0.0
HEX,BRA,8,0.0,0.0,0.0,0.0,0.0
HEX,BRA,9,0.0,0.0,0.0,0.0,0.0
HEX,BRA,10,0.0,0.0,0.0,0.0,0.0
HEX,BRA,11,0.0,0.0,0.0,0.0,0.0
HEX,BRA,12,0.0,0.0,0.0,0.0,0.0
HEX,BRA,13,0.0,0.0,0.0,0.0,0.0
HEX,CHN,0,0.0,0.0,0.0,0.0,0.0
HEX,CHN,1,0.0,0.0,0.0,0.0,0.0
HEX,CHN,2,0.0,0.0,0.0,0.0,0.0
HEX,CHN,3,0.0,0.0,0.0,0.0,0.0
HEX,CHN,4,0.0,0.0,0.0,0.0,0.0
HEX,CHN,5,0.0,0.0,0.0,0.0,0.0
HEX,CHN,6,0.0,0.0,0.0,0.0,0.0
HEX,CHN,7,0.0,0.0,0.0,0.0,0.0
HEX,CHN,8,0.0,0.0,0.0,0.0,0.0
HEX,CHN,9,0.0,0.0,0.0,0.0,0.0
HEX,CHN,10,0.0,0.0,0.0,0.0,0.0
HEX,CHN,11,0.0,0.0,0.0,0.0,0.0
HEX,CHN,12,0.0,0.0,0.0,0.0,0.0
HEX,CHN,13,0.0,0.0,0.0,0.0,0.0
HEX,CZE,0,0.0,0.0,0.0,0.0,0.0
HEX,CZE,1,0.0,0.0,0.0,0.0,0.0
HEX,CZE,2,0.0,0.0,0.0,0.0,0.0
HEX,CZE,3,0.0,0.0,0.0,0.0,0.0
HEX,CZE,4,0.0,0.0,0.0,0.0,0.0
HEX,CZE,5,0.0,0.0,0.0,0.0,0.0
HEX,CZE,6,0.0,0.0,0.0,0.0,0.0
HEX,CZE,7,0.0,0.0,0.0,0.0,0.0
HEX,CZE,8,0.0,0.0,0.0,0.0,0.0
HEX,CZE,9,0.0,0.0,0.0,0.0,0.0
HEX,CZE,10,0.0,0.0,0.0,0.0,0.0
HEX,CZE,11,0.0,0.0,0.0,0.0,0.0
HEX,CZE,12,0.0,0.0,0.0,0.0,0.0
HEX,CZE,13,0.0,0.0,0.0,0.0,0.0
HEX,DEU,0,0.0,0.0,0.0,0.0,0.0
HEX,DEU,1,0.0,0.0,0.0,0.0,0.0
HEX,DEU,2,0.0,0.0,0.0,0.0,0.0
HEX,DEU,3,0.0,0.0,0.0,0.0,0.0
HEX,DEU,4,0.0,0.0,0.0,0.0,0.0
HEX,DEU,5,0.0,0.0,0.0,0.0,0.0
HEX,DEU,6,0.0,0.0,0.0,0.0,0.0
HEX,DEU,7,0.0,0.0,0.0,0.0,0.0
HEX,DEU,8,0.0,0.0,0.0,0.0,0.0
HEX,DEU,9,0.0,0.0,0.0,0.0,0.0
HEX,DEU,10,0.0,0.0,0.0,0.0,0.0
HEX,DEU,11,0.0,0.0,0.0,0.0,0.0
HEX,DEU,12,0.0,0.0,0.0,0.0,0.0
HEX,DEU,13,0.0,0.0,0.0,0.0,0.0
HEX,ITA,0,0.0,0.0,0.0,0.0,0.0
HEX,ITA,1,0.0,0.0,0.0,0.0,0.0
HEX,ITA,2,0.0,0.0,0.0,0.0,0.0
HEX,ITA,3,0.0,0.0,0.0,0.0,0.0
HEX,ITA,4,0.0,0.0,0.0,0.0,0.0
HEX,ITA,5,0.0,0.0,0.0,0.0,0.0
HEX,ITA,6,0.0,0.0,0.0,0.0,0.0
HEX,ITA,7,0.0,0.0,0.0,0.0,0.0
HEX,ITA,8,0.0,0.0,0.0,0.0,0.0
HEX,ITA,9,0.0,0.0,0.0,0.0,0.0
HEX,ITA,10,0.0,0.0,0.0,0.0,0.0
HEX,ITA,11,0.0,0.0,0.0,0.0,0.0
HEX,ITA,12,0.0,0.0,0.0,0.0,0.0
HEX,ITA,13,0.0,0.0,0.0,0.0,0.0
HEX,JPN,0,0.0,0.0,0.0,0.0,0.0
HEX,JPN,1,0.0,0.0,0.0,0.0,0.0
HEX,JPN,2,0.0,0.0,0.0,0.0,0.0
HEX,JPN,3,0.0,0.0,0.0,0.0,0.0
HEX,JPN,4,0.0,0.0,0.0,0.0,0.0
HEX,JPN,5,0.0,0.0,0.0,0.0,0.0
HEX,JPN,6,0.0,0.0,0.0,0.0,0.0
HEX,JPN,7,0.0,0.0,0.0,0.0,0.0
HEX,JPN,8,0.0,0.0,0.0,0.0,0.0
HEX,JPN,9,0.0,0.0,0.0,0.0,0.0
HEX,JPN,10,0.0,0.0,0.0,0.0,0.0
HEX,JPN,11,0.0,0.0,0.0,0.0,0.0
HEX,JPN,12,0.0,0.0,0.0,0.0,0.0
HEX,JPN,13,0.0,0.0,0.0,0.0,0.0
HEX,KOR,0,0.0,0.0,0.0,0.0,0.0
HEX,KOR,1,0.0,0.0,0.0,0.0,0.0
HEX,KOR,2,0.0,0.0,0.0,0.0,0.0
HEX,KOR,3,0.0,0.0,0.0,0.0,0.0
HEX,KOR,4,0.0,0.0,0.0,0.0,0.0
HEX,KOR,5,0.0,0.0,0.0,0.0,0.0
HEX,KOR,6,0.0,0.0,0.0,0.0,0.0
HEX,KOR,7,0.0,0.0,0.0,0.0,0.0
HEX,KOR,8,0.0,0.0,0.0,0.0,0.0
HEX,KOR,9,0.0,0.0,0.0,0.0,0.0
HEX,KOR,10,0.0,0.0,0.0,0.0,0.0
HEX,KOR,11,0.0,0.0,0.0,0.0,0.0
HEX,KOR,12,0.0,0.0,0.0,0.0,0.0
HEX,KOR,13,0.0,0.0,0.0,0.0,0.0
HEX,ROE,0,0.0,0.0,0.0,0.0,0.0
HEX,ROE,1,0.0,0.0,0.0,0.0,0.0
HEX,ROE,2,0.0,0.0,0.0,0.0,0.0
HEX,ROE,3,0.0,0.0,0.0,0.0,0.0
HEX,ROE,4,0.0,0.0,0.0,0.0,0.0
HEX,ROE,5,0.0,0.0,0.0,0.0,0.0
HEX,ROE,6,0.0,0.0,0.0,0.0,0.0
HEX,ROE,7,0.0,0.0,0.0,0.0,0.0
HEX,ROE,8,0.0,0.0,0.0,0.0,0.0
HEX,ROE,9,0.0,0.0,0.0,0.0,0.0
HEX,ROE,10,0.0,0.0,0.0,0.0,0.0
HEX,ROE,11,0.0,0.0,0.0,0.0,0.0
HEX,ROE,12,0.0,0.0,0.0,0.0,0.0
HEX,ROE,13,0.0,0.0,0.0,0.0,0.0
HEX,ROW,0,0.0,0.0,0.0,0.0,0.0
HEX,ROW,1,0.0,0.0,0.0,0.0,0.0
HEX,ROW,2,0.0,0.0,0.0,0.0,0.0
HEX,ROW,3,0.0,0.0,0.0,0.0,0.0
HEX,ROW,4,0.0,0.0,0.0,0.0,0.0
HEX,ROW,5,0.0,0.0,0.0,0.0,0.0
HEX,ROW,6,0.0,0.0,0.0,0.0,0.0
HEX,ROW,7,0.0,0.0,0.0,0.0,0.0
HEX,ROW,8,0.0,0.0,0.0,0.0,0.0
HEX,ROW,9,0.0,0.0,0.0,0.0,0.0
HEX,ROW,10,0.0,0.0,0.0,0.0,0.0
HEX,ROW,11,0.0,0.0,0.0,0.0,0.0
HEX,ROW,12,0.0,0.0,0.0,0.0,0.0
HEX,ROW,13,0.0,0.0,0.0,0.0,0.0
HEX,USA,0,0.0,0.0,0.0,0.0,0.0
HEX,USA,1,0.0,0.0,0.0,0.0,0.0
HEX,USA,2,0.0,0.0,0.0,0.0,0.0
HEX,USA,3,0.0,0.0,0.0,0.0,0.0
HEX,USA,4,0.0,0.0,0.0,0.0,0.0
HEX,USA,5,0.0,0.0,0.0,0.0,0.0
HEX,USA,6,0.0,0.0,0.0,0.0,0.0
HEX,USA,7,0.0,0.0,0.0,0.0,0.0
HEX,USA,8,0.0,0.0,0.0,0.0,0.0
HEX,USA,9,0.0,0.0,0.0,0.0,0.0
HEX,USA,10,0.0,0.0,0.0,0.0,0.0
HEX,USA,11,0.0,0.0,0.0,0.0,0.0
HEX,USA,12,0.0,0.0,0.0,0.0,0.0
HEX,USA,13,0.0,0.0,0.0,0.0,0.0
Nickel,AUS,0,0.0,0.0,0.0,0.0,0.0
Nickel,AUS,1,0.0,0.0,0.0,0.0,0.0
Nickel,AUS,2,0.0,0.0,0.0,0.0,0.0
Nickel,AUS,3,0.0,0.0,0.0,0.0,0.0
Nickel,AUS,4,0.0,0.0,0.0,0.0,0.0
Nickel,AUS,5,0.0,0.0,0.0,0.0,0.0
Nickel,AUS,6,0.0,0.0,0.0,0.0,0.0
Nickel,AUS,7,0.0,0.0,0.0,0.0,0.0
Nickel,AUS,8,0.0,0.0,0.0,0.0,0.0
Nickel,AUS,9,0.0,0.0,0.0,0.0,0.0
Nickel,AUS,10,0.0,0.0,0.0,0.0,0.0
Nickel,AUS,11,0.0,0.0,0.0,0.0,0.0
Nickel,AUS,12,0.0,0.0,0.0,0.0,0.0
Nickel,AUS,13,0.0,0.0,0.0,0.0,0.0
Nickel,AUT,0,0.0,0.0,0.0,0.0,0.0
Nickel,AUT,1,0.0,0.0,0.0,0.0,0.0
Nickel,AUT,2,0.0,0.0,0.0,0.0,0.0
Nickel,AUT,3,0.0,0.0,0.0,0.0,0.0
Nickel,AUT,4,0.0,0.0,0.0,0.0,0.0
Nickel,AUT,5,0.0,0.0,0.0,0.0,0.0
Nickel,AUT,6,0.0,0.0,0.0,0.0,0.0
Nickel,AUT,7,0.0,0.0,0.0,0.0,0.0
Nickel,AUT,8,0.0,0.0,0.0,0.0,0.0
Nickel,AUT,9,0.0,0.0,0.0,0.0,0.0
Nickel,AUT,10,0.0,0.0,0.0,0.0,0.0
Nickel,AUT,11,0.0,0.0,0.0,0.0,0.0
Nickel,AUT,12,0.0,0.0,0.0,0.0,0.0
Nickel,AUT,13,0.0,0.0,0.0,0.0,0.0
Nickel,BRA,0,0.0,0.0,0.0,0.0,0.0
Nickel,BRA,1,0.0,0.0,0.0,0.0,0.0
Nickel,BRA,2,0.0,0.0,0.0,0.0,0.0
Nickel,BRA,3,0.0,0.0,0.0,0.0,0.0
Nickel,BRA,4,0.0,0.0,0.0,0.0,0.0
Nickel,BRA,5,0.0,0.0,0.0,0.0,0.0
Nickel,BRA,6,0.0,0.0,0.0,0.0,0.0
Nickel,BRA,7,0.0,0.0,0.0,0.0,0.0
Nickel,BRA,8,0.0,0.0,0.0,0.0,0.0
Nickel,BRA,9,0.0,0.0,0.0,0.0,0.0
Nickel,BRA,10,0.0,0.0,0.0,0.0,0.0
Nickel,BRA,11,0.0,0.0,0.0,0.0,0.0
Nickel,BRA,12,0.0,0.0,0.0,0.0,0.0
Nickel,BRA,13,0.0,0.0,0.0,0.0,0.0
Nickel,CHN,0,0.0,0.0,0.0,0.0,0.0
Nickel,CHN,1,0.0,0.0,0.0,0.0,0.0
Nickel,CHN,2,0.0,0.0,0.0,0.0,0.0
Nickel,CHN,3,0.0,0.0,0.0,0.0,0.0
Nickel,CHN,4,0.0,0.0,0.0,0.0,0.0
Nickel,CHN,5,0.0,0.0,0.0,0.0,0.0
Nickel,CHN,6,0.0,0.0,0.0,0.0,0.0
Nickel,CHN,7,0.0,0.0,0.0,0.0,0.0
Nickel,CHN,8,0.0,0.0,0.0,0.0,0.0
Nickel,CHN,9,0.0,0.0,0.0,0.0,0.0
Nickel,CHN,10,0.0,0.0,0.0,0.0,0.0
Nickel,CHN,11,0.0,0.0,0.0,0.0,0.0
Nickel,CHN,12,0.0,0.0,0.0,0.0,0.0
Nickel,CHN,13,0.0,0.0,0.0,0.0,0.0
Nickel,CZE,0,0.0,0.0,0.0,0.0,0.0
Nickel,CZE,1,0.0,0.0,0.0,0.0,0.0
Nickel,CZE,2,0.0,0.0,0.0,0.0,0.0
Nickel,CZE,3,0.0,0.0,0.0,0.0,0.0
Nickel,CZE,4,0.0,0.0,0.0,0.0,0.0
Nickel,CZE,5,0.0,0.0,0.0,0.0,0.0
Nickel,CZE,6,0.0,0.0,0.0,0.0,0.0
Nickel,CZE,7,0.0,0.0,0.0,0.0,0.0
Nickel,CZE,8,0.0,0.0,0.0,0.0,0.0
Nickel,CZE,9,0.0,0.0,0.0,0.0,0.0
Nickel,CZE,10,0.0,0.0,0.0,0.0,0.0
Nickel,CZE,11,0.0,0.0,0.0,0.0,0.0
Nickel,CZE,12,0.0,0.0,0.0,0.0,0.0
Nickel,CZE,13,0.0,0.0,0.0,0.0,0.0
Nickel,DEU,0,0.0,0.0,0.0,0.0,0.0
Nickel,DEU,1,0.0,0.0,0.0,0.0,0.0
Nickel,DEU,2,0.0,0.0,0.0,0.0,0.0
Nickel,DEU,3,0.0,0.0,0.0,0.0,0.0
Nickel,DEU,4,0.0,0.0,0.0,0.0,0.0
Nickel,DEU,5,0.0,0.0,0.0,0.0,0.0
Nickel,DEU,6,0.0,0.0,0.0,0.0,0.0
Nickel,DEU,7,0.0,0.0,0.0,0.0,0.0
Nickel,DEU,8,0.0,0.0,0.0,0.0,0.0
Nickel,DEU,9,0.0,0.0,0.0,0.0,0.0
Nickel,DEU,10,0.0,0.0,0.0,0.0,0.0
Nickel,DEU,11,0.0,0.0,0.0,0.0,0.0
Nickel,DEU,12,0.0,0.0,0.0,0.0,0.0
Nickel,DEU,13,0.0,0.0,0.0,0.0,0.0
Nickel,ITA,0,0.0,0.0,0.0,0.0,0.0
Nickel,ITA,1,0.0,0.0,0.0,0.0,0.0
Nickel,ITA,2,0.0,0.0,0.0,0.0,0.0
Nickel,ITA,3,0.0,0.0,0.0,0.0,0.0
Nickel,ITA,4,0.0,0.0,0.0,0.0,0.0
Nickel,ITA,5,0.0,0.0,0.0,0.0,0.0
Nickel,ITA,6,0.0,0.0,0.0,0.0,0.0
Nickel,ITA,7,0.0,0.0,0.0,0.0,0.0
Nickel,ITA,8,0.0,0.0,0.0,0.0,0.0
Nickel,ITA,9,0.0,0.0,0.0,0.0,0.0
Nickel,ITA,10,0.0,0.0,0.0,0.0,0.0
Nickel,ITA,11,0.0,0.0,0.0,0.0,0.0
Nickel,ITA,12,0.0,0.0,0.0,0.0,0.0
Nickel,ITA,13,0.0,0.0,0.0,0.0,0.0
Nickel,JPN,0,0.0,0.0,0.0,0.0,0.0
Nickel,JPN,1,0.0,0.0,0.0,0.0,0.0
Nickel,JPN,2,0.0,0.0,0.0,0.0,0.0
Nickel,JPN,3,0.0,0.0,0.0,0.0,0.0
Nickel,JPN,4,0.0,0.0,0.0,0.0,0.0
Nickel,JPN,5,0.0,0.0,0.0,0.0,0.0
Nickel,JPN,6,0.0,0.0,0.0,0.0,0.0
Nickel,JPN,7,0.0,0.0,0.0,0.0,0.0
Nickel,JPN,8,0.0,0.0,0.0,0.0,0.0
Nickel,JPN,9,0.0,0.0,0.0,0.0,0.0
Nickel,JPN,10,0.0,0.0,0.0,0.0,0.0
Nickel,JPN,11,0.0,0.0,0.0,0.0,0.0
Nickel,JPN,12,0.0,0.0,0.0,0.0,0.0
Nickel,JPN,13,0.0,0.0,0.0,0.0,0.0
Nickel,KOR,0,0.0,0.0,0.0,0.0,0.0
Nickel,KOR,1,0.0,0.0,0.0,0.0,0.0
Nickel,KOR,2,0.0,0.0,0.0,0.0,0.0
Nickel,KOR,3,0.0,0.0,0.0,0.0,0.0
Nickel,KOR,4,0.0,0.0,0.0,0.0,0.0
Nickel,KOR,5,0.0,0.0,0.0,0.0,0.0
Nickel,KOR,6,0.0,0.0,0.0,0.0,0.0
Nickel,KOR,7,0.0,0.0,0.0,0.0,0.0
Nickel,KOR,8,0.0,0.0,0.0,0.0,0.0
Nickel,KOR,9,0.0,0.0,0.0,0.0,0.0
Nickel,KOR,10,0.0,0.0,0.0,0.0,0.0
Nickel,KOR,11,0.0,0.0,0.0,0.0,0.0
Nickel,KOR,12,0.0,0.0,0.0,0.0,0.0
Nickel,KOR,13,0.0,0.0,0.0,0.0,0.0
Nickel,ROE,0,0.0,0.0,0.0,0.0,0.0
Nickel,ROE,1,0.0,0.0,0.0,0.0,0.0
Nickel,ROE,2,0.0,0.0,0.0,0.0,0.0
Nickel,ROE,3,0.0,0.0,0.0,0.0,0.0
Nickel,ROE,4,0.0,0.0,0.0,0.0,0.0
Nickel,ROE,5,0.0,0.0,0.0,0.0,0.0
Nickel,ROE,6,0.0,0.0,0.0,0.0,0.0
Nickel,ROE,7,0.0,0.0,0.0,0.0,0.0
Nickel,ROE,8,0.0,0.0,0.0,0.0,0.0
Nickel,ROE,9,0.0,0.0,0.0,0.0,0.0
Nickel,ROE,10,0.0,0.0,0.0,0.0,0.0
Nickel,ROE,11,0.0,0.0,0.0,0.0,0.0
Nickel,ROE,12,0.0,0.0,0.0,0.0,0.0
Nickel,ROE,13,0.0,0.0,0.0,0.0,0.0
Nickel,ROW,0,0.0,0.0,0.0,0.0,0.0
Nickel,ROW,1,0.0,0.0,0.0,0.0,0.0
Nickel,ROW,2,0.0,0.0,0.0,0.0,0.0
Nickel,ROW,3,0.0,0.0,0.0,0.0,0.0
Nickel,ROW,4,0.0,0.0,0.0,0.0,0.0
Nickel,ROW,5,0.0,0.0,0.0,0.0,0.0
Nickel,ROW,6,0.0,0.0,0.0,0.0,0.0
Nickel,ROW,7,0.0,0.0,0.0,0.0,0.0
Nickel,ROW,8,0.0,0.0,0.0,0.0,0.0
Nickel,ROW,9,0.0,0.0,0.0,0.0,0.0
Nickel,ROW,10,0.0,0.0,0.0,0.0,0.0
Nickel,ROW,11,0.0,0.0,0.0,0.0,0.0
Nickel,ROW,12,0.0,0.0,0.0,0.0,0.0
Nickel,ROW,13,0.0,0.0,0.0,0.0,0.0
Nickel,USA,0,0.0,0.0,0.0,0.0,0.0
Nickel,USA,1,0.0,0.0,0.0,0.0,0.0
Nickel,USA,2,0.0,0.0,0.0,0.0,0.0
Nickel,USA,3,0.0,0.0,0.0,0.0,0.0
Nickel,USA,4,0.0,0.0,0.0,0.0,0.0
Nickel,USA,5,0.0,0.0,0.0,0.0,0.0
Nickel,USA,6,0.0,0.0,0.0,0.0,0.0
Nickel,USA,7,0.0,0.0,0.0,0.0,0.0
Nickel,USA,8,0.0,0.0,0.0,0.0,0.0
Nickel,USA,9,0.0,0.0,0.0,0.0,0.0
Nickel,USA,10,0.0,0.0,0.0,0.0,0.0
Nickel,USA,11,0.0,0.0,0.0,0.0,0.0
Nickel,USA,12,0.0,0.0,0.0,0.0,0.0
Nickel,USA,13,0.0,0.0,0.0,0.0,0.0
HP,AUS,0,0.0,0.0,0.0,0.0,0.0
HP,AUS,1,0.0,0.0,0.0,0.0,0.0
HP,AUS,2,0.0,0.0,0.0,0.0,0.0
HP,AUS,3,0.0,0.0,0.0,0.0,0.0
HP,AUS,4,0.0,0.0,0.0,0.0,0.0
HP,AUS,5,0.0,0.0,0.0,0.0,0.0
HP,AUS,6,0.0,0.0,0.0,0.0,0.0
HP,AUS,7,0.0,0.0,0.0,0.0,0.0
HP,AUS,8,0.0,0.0,0.0,0.0,0.0
HP,AUS,9,0.0,0.0,0.0,0.0,0.0
HP,AUS,10,0.0,0.0,0.0,0.0,0.0
HP,AUS,11,0.0,0.0,0.0,0.0,0.0
HP,AUS,12,0.0,0.0,0.0,0.0,0.0
HP,AUS,13,0.0,0.0,0.0,0.0,0.0
HP,AUT,0,0.0,0.0,0.0,0.0,0.0
HP,AUT,1,0.0,0.0,0.0,0.0,0.0
HP,AUT,2,0.0,0.0,0.0,0.0,0.0
HP,AUT,3,0.0,0.0,0.0,0.0,0.0
HP,AUT,4,0.0,0.0,0.0,0.0,0.0
HP,AUT,5,0.0,0.0,0.0,0.0,0.0
HP,AUT,6,0.0,0.0,0.0,0.0,0.0
HP,AUT,7,0.0,0.0,0.0,0.0,0.0
HP,AUT,8,0.0,0.0,0.0,0.0,0.0
HP,AUT,9,0.0,0.0,0.0,0.0,0.0
HP,AUT,10,0.0,0.0,0.0,0.0,0.0
HP,AUT,11,0.0,0.0,0.0,0.0,0.0
HP,AUT,12,0.0,0.0,0.0,0.0,0.0
HP,AUT,13,0.0,0.0,0.0,0.0,0.0
HP,BRA,0,0.0,0.0,0.0,0.0,0.0
HP,BRA,1,0.0,0.0,0.0,0.0,0.0
HP,BRA,2,0.0,0.0,0.0,0.0,0.0
HP,BRA,3,0.0,0.0,0.0,0.0,0.0
HP,BRA,4,0.0,0.0,0.0,0.0,0.0
HP,BRA,5,0.0,0.0,0.0,0.0,0.0
HP,BRA,6,0.0,0.0,0.0,0.0,0.0
HP,BRA,7,0.0,0.0,0.0,0.0,0.0
HP,BRA,8,0.0,0.0,0.0,0.0,0.0
HP,BRA,9,0.0,0.0,0.0,0.0,0.0
HP,BRA,10,0.0,0.0,0.0,0.0,0.0
HP,BRA,11,0.0,0.0,0.0,0.0,0.0
HP,BRA,12,0.0,0.0,0.0,0.0,0.0
HP,BRA,13,0.0,0.0,0.0,0.0,0.0
HP,CHN,0,0.0,0.0,0.0,0.0,0.0
HP,CHN,1,0.0,0.0,0.0,0.0,0.0
HP,CHN,2,0.0,0.0,0.0,0.0,0.0
HP,CHN,3,0.0,0.0,0.0,0.0,0.0
HP,CHN,4,0.0,0.0,0.0,0.0,0.0
HP,CHN,5,0.0,0.0,0.0,0.0,0.0
HP,CHN,6,0.0,0.0,0.0,0.0,0.0
HP,CHN,7,0.0,0.0,0.0,0.0,0.0
HP,CHN,8,0.0,0.0,0.0,0.0,0.0
HP,CHN,9,0.0,0.0,0.0,0.0,0.0
HP,CHN,10,0.0,0.0,0.0,0.0,0.0
HP,CHN,11,0.0,0.0,0.0,0.0,0.0
HP,CHN,12,0.0,0.0,0.0,0.0,0.0
HP,CHN,13,0.0,0.0,0.0,0.0,0.0
HP,CZE,0,0.0,0.0,0.0,0.0,0.0
HP,CZE,1,0.0,0.0,0.0,0.0,0.0
HP,CZE,2,0.0,0.0,0.0,0.0,0.0
HP,CZE,3,0.0,0.0,0.0,0.0,0.0
HP,CZE,4,0.0,0.0,0.0,0.0,0.0
HP,CZE,5,0.0,0.0,0.0,0.0,0.0
HP,CZE,6,0.0,0.0,0.0,0.0,0.0
HP,CZE,7,0.0,0.0,0.0,0.0,0.0
HP,CZE,8,0.0,0.0,0.0,0.0,0.0
HP,CZE,9,0.0,0.0,0.0,0.0,0.0
HP,CZE,10,0.0,0.0,0.0,0.0,0.0
HP,CZE,11,0.0,0.0,0.0,0.0,0.0
HP,CZE,12,0.0,0.0,0.0,0.0,0.0
HP,CZE,13,0.0,0.0,0.0,0.0,0.0
HP,DEU,0,0.0,0.0,0.0,0.0,0.0
HP,DEU,1,0.0,0.0,0.0,0.0,0.0
HP,DEU,2,0.0,0.0,0.0,0.0,0.0
HP,DEU,3,0.0,0.0,0.0,0.0,0.0
HP,DEU,4,0.0,0.0,0.0,0.0,0.0
HP,DEU,5,0.0,0.0,0.0,0.0,0.0
HP,DEU,6,0.0,0.0,0.0,0.0,0.0
HP,DEU,7,0.0,0.0,0.0,0.0,0.0
HP,DEU,8,0.0,0.0,0.0,0.0,0.0
HP,DEU,9,0.0,0.0,0.0,0.0,0.0
HP,DEU,10,0.0,0.0,0.0,0.0,0.0
HP,DEU,11,0.0,0.0,0.0,0.0,0.0
HP,DEU,12,0.0,0.0,0.0,0.0,0.0
HP,DEU,13,0.0,0.0,0.0,0.0,0.0
HP,ITA,0,0.0,0.0,0.0,0.0,0.0
HP,ITA,1,0.0,0.0,0.0,0.0,0.0
HP,ITA,2,0.0,0.0,0.0,0.0,0.0
HP,ITA,3,0.0,0.0,0.0,0.0,0.0
HP,ITA,4,0.0,0.0,0.0,0.0,0.0
HP,ITA,5,0.0,0.0,0.0,0.0,0.0
HP,ITA,6,0.0,0.0,0.0,0.0,0.0
HP,ITA,7,0.0,0.0,0.0,0.0,0.0
HP,ITA,8,0.0,0.0,0.0,0.0,0.0
HP,ITA,9,0.0,0.0,0.0,0.0,0.0
HP,ITA,10,0.0,0.0,0.0,0.0,0.0
HP,ITA,11,0.0,0.0,0.0,0.0,0.0
HP,ITA,12,0.0,0.0,0.0,0.0,0.0
HP,ITA,13,0.0,0.0,0.0,0.0,0.0
HP,JPN,0,0.0,0.0,0.0,0.0,0.0
HP,JPN,1,0.0,0.0,0.0,0.0,0.0
HP,JPN,2,0.0,0.0,0.0,0.0,0.0
HP,JPN,3,0.0,0.0,0.0,0.0,0.0
HP,JPN,4,0.0,0.0,0.0,0.0,0.0
HP,JPN,5,0.0,0.0,0.0,0.0,0.0
HP,JPN,6,0.0,0.0,0.0,0.0,0.0
HP,JPN,7,0.0,0.0,0.0,0.0,0.0
HP,JPN,8,0.0,0.0,0.0,0.0,0.0
HP,JPN,9,0.0,0.0,0.0,0.0,0.0
HP,JPN,10,0.0,0.0,0.0,0.0,0.0
HP,JPN,11,0.0,0.0,0.0,0.0,0.0
HP,JPN,12,0.0,0.0,0.0,0.0,0.0
HP,JPN,13,0.0,0.0,0.0,0.0,0.0
HP,KOR,0,0.0,0.0,0.0,0.0,0.0
HP,KOR,1,0.0,0.0,0.0,0.0,0.0
HP,KOR,2,0.0,0.0,0.0,0.0,0.0
HP,KOR,3,0.0,0.0,0.0,0.0,0.0
HP,KOR,4,0.0,0.0,0.0,0.0,0.0
HP,KOR,5,0.0,0.0,0.0,0.0,0.0
HP,KOR,6,0.0,0.0,0.0,0.0,0.0
HP,KOR,7,0.0,0.0,0.0,0.0,0.0
HP,KOR,8,0.0,0.0,0.0,0.0,0.0
HP,KOR,9,0.0,0.0,0.0,0.0,0.0
HP,KOR,10,0.0,0.0,0.0,0.0,0.0
HP,KOR,11,0.0,0.0,0.0,0.0,0.0
HP,KOR,12,0.0,0.0,0.0,0.0,0.0
HP,KOR,13,0.0,0.0,0.0,0.0,0.0
HP,ROE,0,0.0,0.0,0.0,0.0,0.0
HP,ROE,1,0.0,0.0,0.0,0.0,0.0
HP,ROE,2,0.0,0.0,0.0,0.0,0.0
HP,ROE,3,0.0,0.0,0.0,0.0,0.0
HP,ROE,4,0.0,0.0,0.0,0.0,0.0
HP,ROE,5,0.0,0.0,0.0,0.0,0.0
HP,ROE,6,0.0,0.0,0.0,0.0,0.0
HP,ROE,7,0.0,0.0,0.0,0.0,0.0
HP,ROE,8,0.0,0.0,0.0,0.0,0.0
HP,ROE,9,0.0,0.0,0.0,0.0,0.0
HP,ROE,10,0.0,0.0,0.0,0.0,0.0
HP,ROE,11,0.0,0.0,0.0,0.0,0.0
HP,ROE,12,0.0,0.0,0.0,0.0,0.0
HP,ROE,13,0.0,0.0,0.0,0.0,0.0
HP,ROW,0,0.0,0.0,0.0,0.0,0.0
HP,ROW,1,0.0,0.0,0.0,0.0,0.0
HP,ROW,2,0.0,0.0,0.0,0.0,0.0
HP,ROW,3,0.0,0.0,0.0,0.0,0.0
HP,ROW,4,0.0,0.0,0.0,0.0,0.0
HP,ROW,5,0.0,0.0,0.0,0.0,0.0
HP,ROW,6,0.0,0.0,0.0,0.0,0.0
HP,ROW,7,0.0,0.0,0.0,0.0,0.0
HP,ROW,8,0.0,0.0,0.0,0.0,0.0
HP,ROW,9,0.0,0.0,0.0,0.0,0.0
HP,ROW,10,0.0,0.0,0.0,0.0,0.0
HP,ROW,11,0.0,0.0,0.0,0.0,0.0
HP,ROW,12,0.0,0.0,0.0,0.0,0.0
HP,ROW,13,0.0,0.0,0.0,0.0,0.0
HP,USA,0,0.0,0.0,0.0,0.0,0.0
HP,USA,1,0.0,0.0,0.0,0.0,0.0
HP,USA,2,0.0,0.0,0.0,0.0,0.0
HP,USA,3,0.0,0.0,0.0,0.0,0.0
HP,USA,4,0.0,0.0,0.0,0.0,0.0
HP,USA,5,0.0,0.0,0.0,0.0,0.0
HP,USA,6,0.0,0.0,0.0,0.0,0.0
HP,USA,7,0.0,0.0,0.0,0.0,0.0
HP,USA,8,0.0,0.0,0.0,0.0,0.0
HP,USA,9,0.0,0.0,0.0,0.0,0.0
HP,USA,10,0.0,0.0,0.0,0.0,0.0
HP,USA,11,0.0,0.0,0.0,0.0,0.0
HP,USA,12,0.0,0.0,0.0,0.0,0.0
HP,USA,13,0.0,0.0,0.0,0.0,0.0
Refrigerant,AUS,0,0.0,0.0,0.0,0.0,0.0
Refrigerant,AUS,1,0.0,0.0,0.0,0.0,0.0
Refrigerant,AUS,2,0.0,0.0,0.0,0.0,0.0
Refrigerant,AUS,3,0.0,0.0,0.0,0.0,0.0
Refrigerant,AUS,4,0.0,0.0,0.0,0.0,0.0
Refrigerant,AUS,5,0.0,0.0,0.0,0.0,0.0
Refrigerant,AUS,6,0.0,0.0,0.0,0.0,0.0
Refrigerant,AUS,7,0.0,0.0,0.0,0.0,0.0
Refrigerant,AUS,8,0.0,0.0,0.0,0.0,0.0
Refrigerant,AUS,9,0.0,0.0,0.0,0.0,0.0
Refrigerant,AUS,10,0.0,0.0,0.0,0.0,0.0
Refrigerant,AUS,11,0.0,0.0,0.0,0.0,0.0
Refrigerant,AUS,12,0.0,0.0,0.0,0.0,0.0
Refrigerant,AUS,13,0.0,0.0,0.0,0.0,0.0
Refrigerant,AUT,0,0.0,0.0,0.0,0.0,0.0
Refrigerant,AUT,1,0.0,0.0,0.0,0.0,0.0
Refrigerant,AUT,2,0.0,0.0,0.0,0.0,0.0
Refrigerant,AUT,3,0.0,0.0,0.0,0.0,0.0
Refrigerant,AUT,4,0.0,0.0,0.0,0.0,0.0
Refrigerant,AUT,5,0.0,0.0,0.0,0.0,0.0
Refrigerant,AUT,6,0.0,0.0,0.0,0.0,0.0
Refrigerant,AUT,7,0.0,0.0,0.0,0.0,0.0
Refrigerant,AUT,8,0.0,0.0,0.0,0.0,0.0
Refrigerant,AUT,9,0.0,0.0,0.0,0.0,0.0
Refrigerant,AUT,10,0.0,0.0,0.0,0.0,0.0
Refrigerant,AUT,11,0.0,0.0,0.0,0.0,0.0
Refrigerant,AUT,12,0.0,0.0,0.0,0.0,0.0
Refrigerant,AUT,13,0.0,0.0,0.0,0.0,0.0
Refrigerant,BRA,0,0.0,0.0,0.0,0.0,0.0
Refrigerant,BRA,1,0.0,0.0,0.0,0.0,0.0
Refrigerant,BRA,2,0.0,0.0,0.0,0.0,0.0
Refrigerant,BRA,3,0.0,0.0,0.0,0.0,0.0
Refrigerant,BRA,4,0.0,0.0,0.0,0.0,0.0
Refrigerant,BRA,5,0.0,0.0,0.0,0.0,0.0
Refrigerant,BRA,6,0.0,0.0,0.0,0.0,0.0
Refrigerant,BRA,7,0.0,0.0,0.0,0.0,0.0
Refrigerant,BRA,8,0.0,0.0,0.0,0.0,0.0
Refrigerant,BRA,9,0.0,0.0,0.0,0.0,0.0
Refrigerant,BRA,10,0.0,0.0,0.0,0.0,0.0
Refrigerant,BRA,11,0.0,0.0,0.0,0.0,0.0
Refrigerant,BRA,12,0.0,0.0,0.0,0.0,0.0
Refrigerant,BRA,13,0.0,0.0,0.0,0.0,0.0
Refrigerant,CHN,0,38.462474157291666,28.4375,28.4375,28.4375,0.0
Refrigerant,CHN,1,0.0,28.4375,28.48396005,28.4375,0.0
Refrigerant,CHN,2,0.0,28.4375,28.48396005,28.4375,61.52019303482142
Refrigerant,CHN,3,59.137429737499986,30.1086797375,30.530981379687496,28.4375,64.29905618571428
Refrigerant,CHN,4,0.0,37.40518201875,37.8274836609375,28.4375,0.0
Refrigerant,CHN,5,0.0,42.144375,42.21941644374999,28.4375,0.0
Refrigerant,CHN,6,15.754519384375001,45.61375,45.722992889843745,28.4375,0.0
Refrigerant,CHN,7,0.0,49.3675,49.3675,28.4375,75.36703647499999
Refrigerant,CHN,8,0.0,53.405625,53.56958078359374,28.4375,0.0
Refrigerant,CHN,9,0.0,58.049877965624994,66.73240768028674,28.4375,0.0
Refrigerant,CHN,10,120.44841503750001,62.770502965624985,81.12280460721325,28.4375,153.6054150375
Refrigerant,CHN,11,0.0,79.777946259193,98.59096105919299,28.4375,172.67685833125
Refrigerant,CHN,12,0.0,99.11740162169298,192.01631369356798,28.4375,14.801374999999965
Refrigerant,CHN,13,0.0,121.146145858829,168.43403404242275,28.4375,28.394499999999958
Refrigerant,CZE,0,0.0,0.0,0.0,0.0,0.0
Refrigerant,CZE,1,0.0,0.0,0.0,0.0,0.0
Refrigerant,CZE,2,0.0,0.0,0.0,0.0,0.0
Refrigerant,CZE,3,0.0,0.0,0.0,0.0,0.0
Refrigerant,CZE,4,0.0,0.0,0.0,0.0,0.0
Refrigerant,CZE,5,0.0,0.0,0.0,0.0,0.0
Refrigerant,CZE,6,0.0,0.0,0.0,0.0,0.0
Refrigerant,CZE,7,0.0,0.0,0.0,0.0,0.0
Refrigerant,CZE,8,0.0,0.0,0.0,0.0,0.0
Refrigerant,CZE,9,0.0,0.0,0.0,0.0,0.0
Refrigerant,CZE,10,0.0,0.0,0.0,0.0,0.0
Refrigerant,CZE,11,0.0,0.0,0.0,0.0,0.0
Refrigerant,CZE,12,0.0,0.0,0.0,0.0,0.0
Refrigerant,CZE,13,0.0,0.0,0.0,0.0,0.0
Refrigerant,DEU,0,0.0,3.2462499999999985,0.9974746062499991,0.0,0.0
Refrigerant,DEU,1,5.18,3.246249999999998,0.9974746062500004,0.18254600000000004,0.0
Refrigerant,DEU,2,0.0,3.4598287062499984,1.1669768937500016,0.4549687187500039,0.0
Refrigerant,DEU,3,0.0,5.18,5.18,2.4215625,0.0
Refrigerant,DEU,4,0.0,5.18,5.18,2.4215625,5.18
Refrigerant,DEU,5,0.0,5.18,5.18,2.4215625,0.0
Refrigerant,DEU,6,0.0,5.18,0.0,2.4215625,5.18
Refrigerant,DEU,7,0.0,5.18,5.18,2.4215625,5.18
Refrigerant,DEU,8,5.18,5.18,5.18,2.89354594375,5.18
Refrigerant,DEU,9,5.18,5.18,5.18,3.49783258125,5.18
Refrigerant,DEU,10,0.0,5.18,5.18,5.18,0.0
Refrigerant,DEU,11,0.0,5.18,5.18,5.18,0.0
Refrigerant,DEU,12,5.18,5.18,0.0,5.18,5.18
Refrigerant,DEU,13,5.18,5.18,0.0,5.18,5.18
Refrigerant,ITA,0,0.0,0.0,0.0,0.0,0.0
Refrigerant,ITA,1,0.0,0.0,0.0,0.0,0.0
Refrigerant,ITA,2,0.0,0.0,0.0,0.0,0.0
Refrigerant,ITA,3,0.0,0.0,0.0,0.0,0.0
Refrigerant,ITA,4,0.0,0.0,0.0,0.0,0.0
Refrigerant,ITA,5,0.0,0.0,0.0,0.0,0.0
Refrigerant,ITA,6,0.0,0.0,0.0,0.0,0.0
Refrigerant,ITA,7,0.0,0.0,0.0,0.0,0.0
Refrigerant,ITA,8,0.0,0.0,0.0,0.0,0.0
Refrigerant,ITA,9,0.0,0.0,0.0,0.0,0.0
Refrigerant,ITA,10,0.0,0.0,0.0,0.0,0.0
Refrigerant,ITA,11,0.0,0.0,0.0,0.0,0.0
Refrigerant,ITA,12,0.0,0.0,0.0,0.0,0.0
Refrigerant,ITA,13,0.0,0.0,0.0,0.0,0.0
Refrigerant,JPN,0,0.0,4.379375,4.379375,6.805504962500001,0.0
Refrigerant,JPN,1,21.59,4.84492360625,4.840804149999998,7.569022262499999,0.0
Refrigerant,JPN,2,0.0,6.047055381249997,5.133288956249998,9.189181712499998,12.687894896428583
Refrigerant,JPN,3,21.59,8.352499999999996,0.0,12.070749999999997,0.0
Refrigerant,JPN,4,0.0,8.352499999999997,0.0,12.070749999999997,21.59
Refrigerant,JPN,5,21.59,10.244858521874992,4.706688453124999,12.070749999999997,0.0
Refrigerant,JPN,6,21.59,15.974399953124987,14.667393239843745,12.070749999999997,0.0
Refrigerant,JPN,7,21.59,18.74381546562499,21.59,12.389249999999997,21.59
Refrigerant,JPN,8,21.59,20.11125,21.59,19.65625,21.59
Refrigerant,JPN,9,21.59,20.850624999999997,21.59,20.11125,21.59
Refrigerant,JPN,10,21.59,21.59,21.59,20.566249999999997,0.0
Refrigerant,JPN,11,0.0,21.59,21.59,21.021250000000002,0.0
Refrigerant,JPN,12,21.59,21.59,0.0,21.59,21.59
Refrigerant,JPN,13,21.59,21.59,0.0,21.59,21.59
Refrigerant,KOR,0,0.0,2.064,2.064,2.064,0.0
Refrigerant,KOR,1,2.064,2.064,2.064,2.064,0.0
Refrigerant,KOR,2,0.0,2.064,2.064,2.064,0.0
Refrigerant,KOR,3,0.0,2.064,2.064,2.064,2.064
Refrigerant,KOR,4,2.064,2.064,2.064,2.064,2.064
Refrigerant,KOR,5,2.064,2.064,2.064,2.064,0.0
Refrigerant,KOR,6,0.0,2.064,2.064,2.064,2.064
Refrigerant,KOR,7,2.064,2.064,2.064,2.064,2.064
Refrigerant,KOR,8,2.064,2.064,2.064,2.064,2.064
Refrigerant,KOR,9,2.064,2.064,2.064,2.064,2.064
Refrigerant,KOR,10,2.064,2.064,2.064,2.064,2.064
Refrigerant,KOR,11,0.0,2.064,0.0,2.064,0.0
Refrigerant,KOR,12,2.064,2.064,0.0,2.064,2.064
Refrigerant,KOR,13,2.064,2.064,0.0,2.064,2.064
Refrigerant,ROE,0,0.0,4.7152313749999974,4.947851715624998,5.186704249999999,0.0
Refrigerant,ROE,1,11.567,7.393858462499998,7.1599724218750005,6.9599234249999995,0.0
Refrigerant,ROE,2,0.0,8.922312500000002,8.330266546875,7.9625,0.0
Refrigerant,ROE,3,0.0,8.922312500000002,11.567,9.633679737499996,7.916387824107141
Refrigerant,ROE,4,0.0,8.922312500000002,11.567,11.567,0.0
Refrigerant,ROE,5,11.567,8.922312500000002,11.567,11.567,0.0
Refrigerant,ROE,6,0.0,8.922312500000002,11.567,11.567,0.0
Refrigerant,ROE,7,0.0,10.172150862499999,8.414487526562494,11.567,11.567
Refrigerant,ROE,8,11.567,11.567,11.567,11.567,11.567
Refrigerant,ROE,9,11.567,11.567,11.567,11.567,11.567
Refrigerant,ROE,10,11.567,11.567,11.567,11.567,0.0
Refrigerant,ROE,11,0.0,11.567,11.567,11.567,0.0
Refrigerant,ROE,12,11.567,11.567,0.0,11.567,11.567
Refrigerant,ROE,13,11.567,11.567,11.567,11.567,11.567
Refrigerant,ROW,0,0.0,5.713962799999999,6.467114346875001,5.736336856250002,0.0
Refrigerant,ROW,1,0.0,6.307362425,7.484679759375,6.7546297000000015,0.0
Refrigerant,ROW,2,0.0,6.52697556875,7.704292903125001,6.7624375,0.0
Refrigerant,ROW,3,0.0,6.7624375,8.031623485937502,6.7624375,6.4479857276785735
Refrigerant,ROW,4,12.106916330208339,6.7624375,8.031623485937502,6.7624375,0.0
Refrigerant,ROW,5,0.0,6.7624375,7.1169882875,6.7624375,0.0
Refrigerant,ROW,6,0.0,6.7624375,8.031623485937502,6.7624375,0.0
Refrigerant,ROW,7,92.114036475,6.7624375,8.031623485937502,6.7624375,0.0
Refrigerant,ROW,8,0.0,6.7624375,8.0316234859375,6.7624375,0.0
Refrigerant,ROW,9,0.0,6.7624375,8.031623485937502,6.7624375,0.0
Refrigerant,ROW,10,0.0,7.388062499999998,7.484754834375001,6.7624375,0.0
Refrigerant,ROW,11,91.867553875,7.388062499999998,9.088041675781248,6.7624375,0.0
Refrigerant,ROW,12,14.80137499999998,7.388062499999998,0.0,6.7624375,0.0
Refrigerant,ROW,13,28.39449999999998,7.388062499999998,7.847697698437501,24.639306737499997,0.0
Refrigerant,USA,0,24.668775842708335,14.574930825000004,15.83793433125,14.901203931249997,63.13125
Refrigerant,USA,1,27.969325318749995,16.076430825000003,17.339434331249997,16.402703931249995,68.37032531874999
Refrigerant,USA,2,74.20808793125,18.750415775,21.325302581250003,19.3375,0.0
Refrigerant,USA,3,0.0,19.3375,23.353824871875,19.3375,0.0
Refrigerant,USA,4,73.85301568854166,19.3375,23.353824871875,24.700682018749987,59.18993201874999
Refrigerant,USA,5,60.98691805624999,20.889934534375005,23.353824871875,32.88466805625,96.20791805625001
Refrigerant,USA,6,68.062315103125,20.889934534375005,23.353824871875,42.0835844875,98.16283448750002
Refrigerant,USA,7,0.0,23.478132646875,21.1204254625,52.126286475,0.0
Refrigerant,USA,8,87.06102218749997,28.371709687500005,25.459817917968753,56.081288743749994,87.06102218749999
Refrigerant,USA,9,100.28522465625,36.212284190625006,25.52119348984375,68.246204575,100.28522465625
Refrigerant,USA,10,0.0,45.109849571875,26.66085559609375,81.0922275375,0.0
Refrigerant,USA,11,80.80930445625002,45.109849571874996,26.66085559609375,97.64467083125001,0.0
Refrigerant,USA,12,133.907,45.109849571874996,0.0,116.41537619374999,133.907
Refrigerant,USA,13,133.907,45.109849571874996,26.196326189843752,120.56725119375,133.907
Iron,AUS,0,0.0,0.0,0.0,0.0,0.0
Iron,AUS,1,0.0,0.0,0.0,0.0,0.0
Iron,AUS,2,0.0,0.0,0.0,0.0,0.0
Iron,AUS,3,0.0,0.0,0.0,0.0,0.0
Iron,AUS,4,0.0,0.0,0.0,0.0,0.0
Iron,AUS,5,0.0,0.0,0.0,0.0,0.0
Iron,AUS,6,0.0,0.0,0.0,0.0,0.0
Iron,AUS,7,0.0,0.0,0.0,0.0,0.0
Iron,AUS,8,0.0,0.0,0.0,0.0,0.0
Iron,AUS,9,0.0,0.0,0.0,0.0,0.0
Iron,AUS,10,0.0,0.0,0.0,0.0,0.0
Iron,AUS,11,0.0,0.0,0.0,0.0,0.0
Iron,AUS,12,0.0,0.0,0.0,0.0,0.0
Iron,AUS,13,0.0,0.0,0.0,0.0,0.0
Iron,AUT,0,0.0,0.0,0.0,0.0,0.0
Iron,AUT,1,0.0,0.0,0.0,0.0,0.0
Iron,AUT,2,0.0,0.0,0.0,0.0,0.0
Iron,AUT,3,0.0,0.0,0.0,0.0,0.0
Iron,AUT,4,0.0,0.0,0.0,0.0,0.0
Iron,AUT,5,0.0,0.0,0.0,0.0,0.0
Iron,AUT,6,0.0,0.0,0.0,0.0,0.0
Iron,AUT,7,0.0,0.0,0.0,0.0,0.0
Iron,AUT,8,0.0,0.0,0.0,0.0,0.0
Iron,AUT,9,0.0,0.0,0.0,0.0,0.0
Iron,AUT,10,0.0,0.0,0.0,0.0,0.0
Iron,AUT,11,0.0,0.0,0.0,0.0,0.0
Iron,AUT,12,0.0,0.0,0.0,0.0,0.0
Iron,AUT,13,0.0,0.0,0.0,0.0,0.0
Iron,BRA,0,0.0,0.0,0.0,0.0,0.0
Iron,BRA,1,0.0,0.0,0.0,0.0,0.0
Iron,BRA,2,0.0,0.0,0.0,0.0,0.0
Iron,BRA,3,0.0,0.0,0.0,0.0,0.0
Iron,BRA,4,0.0,0.0,0.0,0.0,0.0
Iron,BRA,5,0.0,0.0,0.0,0.0,0.0
Iron,BRA,6,0.0,0.0,0.0,0.0,0.0
Iron,BRA,7,0.0,0.0,0.0,0.0,0.0
Iron,BRA,8,0.0,0.0,0.0,0.0,0.0
Iron,BRA,9,0.0,0.0,0.0,0.0,0.0
Iron,BRA,10,0.0,0.0,0.0,0.0,0.0
Iron,BRA,11,0.0,0.0,0.0,0.0,0.0
Iron,BRA,12,0.0,0.0,0.0,0.0,0.0
Iron,BRA,13,0.0,0.0,0.0,0.0,0.0
Iron,CHN,0,0.0,0.0,0.0,0.0,0.0
Iron,CHN,1,0.0,0.0,0.0,0.0,0.0
Iron,CHN,2,0.0,0.0,0.0,0.0,0.0
Iron,CHN,3,0.0,0.0,0.0,0.0,0.0
Iron,CHN,4,0.0,0.0,0.0,0.0,0.0
Iron,CHN,5,0.0,0.0,0.0,0.0,0.0
Iron,CHN,6,0.0,0.0,0.0,0.0,0.0
Iron,CHN,7,0.0,0.0,0.0,0.0,0.0
Iron,CHN,8,0.0,0.0,0.0,0.0,0.0
Iron,CHN,9,0.0,0.0,0.0,0.0,0.0
Iron,CHN,10,0.0,0.0,0.0,0.0,0.0
Iron,CHN,11,0.0,0.0,0.0,0.0,0.0
Iron,CHN,12,0.0,0.0,0.0,0.0,0.0
Iron,CHN,13,0.0,0.0,0.0,0.0,0.0
Iron,CZE,0,0.0,0.0,0.0,0.0,0.0
Iron,CZE,1,0.0,0.0,0.0,0.0,0.0
Iron,CZE,2,0.0,0.0,0.0,0.0,0.0
Iron,CZE,3,0.0,0.0,0.0,0.0,0.0
Iron,CZE,4,0.0,0.0,0.0,0.0,0.0
Iron,CZE,5,0.0,0.0,0.0,0.0,0.0
Iron,CZE,6,0.0,0.0,0.0,0.0,0.0
Iron,CZE,7,0.0,0.0,0.0,0.0,0.0
Iron,CZE,8,0.0,0.0,0.0,0.0,0.0
Iron,CZE,9,0.0,0.0,0.0,0.0,0.0
Iron,CZE,10,0.0,0.0,0.0,0.0,0.0
Iron,CZE,11,0.0,0.0,0.0,0.0,0.0
Iron,CZE,12,0.0,0.0,0.0,0.0,0.0
Iron,CZE,13,0.0,0.0,0.0,0.0,0.0
Iron,DEU,0,0.0,0.0,0.0,0.0,0.0
Iron,DEU,1,0.0,0.0,0.0,0.0,0.0
Iron,DEU,2,0.0,0.0,0.0,0.0,0.0
Iron,DEU,3,0.0,0.0,0.0,0.0,0.0
Iron,DEU,4,0.0,0.0,0.0,0.0,0.0
Iron,DEU,5,0.0,0.0,0.0,0.0,0.0
Iron,DEU,6,0.0,0.0,0.0,0.0,0.0
Iron,DEU,7,0.0,0.0,0.0,0.0,0.0
Iron,DEU,8,0.0,0.0,0.0,0.0,0.0
Iron,DEU,9,0.0,0.0,0.0,0.0,0.0
Iron,DEU,10,0.0,0.0,0.0,0.0,0.0
Iron,DEU,11,0.0,0.0,0.0,0.0,0.0
Iron,DEU,12,0.0,0.0,0.0,0.0,0.0
Iron,DEU,13,0.0,0.0,0.0,0.0,0.0
Iron,ITA,0,0.0,0.0,0.0,0.0,0.0
Iron,ITA,1,0.0,0.0,0.0,0.0,0.0
Iron,ITA,2,0.0,0.0,0.0,0.0,0.0
Iron,ITA,3,0.0,0.0,0.0,0.0,0.0
Iron,ITA,4,0.0,0.0,0.0,0.0,0.0
Iron,ITA,5,0.0,0.0,0.0,0.0,0.0
Iron,ITA,6,0.0,0.0,0.0,0.0,0.0
Iron,ITA,7,0.0,0.0,0.0,0.0,0.0
Iron,ITA,8,0.0,0.0,0.0,0.0,0.0
Iron,ITA,9,0.0,0.0,0.0,0.0,0.0
Iron,ITA,10,0.0,0.0,0.0,0.0,0.0
Iron,ITA,11,0.0,0.0,0.0,0.0,0.0
Iron,ITA,12,0.0,0.0,0.0,0.0,0.0
Iron,ITA,13,0.0,0.0,0.0,0.0,0.0
Iron,JPN,0,0.0,0.0,0.0,0.0,0.0
Iron,JPN,1,0.0,0.0,0.0,0.0,0.0
Iron,JPN,2,0.0,0.0,0.0,0.0,0.0
Iron,JPN,3,0.0,0.0,0.0,0.0,0.0
Iron,JPN,4,0.0,0.0,0.0,0.0,0.0
Iron,JPN,5,0.0,0.0,0.0,0.0,0.0
Iron,JPN,6,0.0,0.0,0.0,0.0,0.0
Iron,JPN,7,0.0,0.0,0.0,0.0,0.0
Iron,JPN,8,0.0,0.0,0.0,0.0,0.0
Iron,JPN,9,0.0,0.0,0.0,0.0,0.0
Iron,JPN,10,0.0,0.0,0.0,0.0,0.0
Iron,JPN,11,0.0,0.0,0.0,0.0,0.0
Iron,JPN,12,0.0,0.0,0.0,0.0,0.0
Iron,JPN,13,0.0,0.0,0.0,0.0,0.0
Iron,KOR,0,0.0,0.0,0.0,0.0,0.0
Iron,KOR,1,0.0,0.0,0.0,0.0,0.0
Iron,KOR,2,0.0,0.0,0.0,0.0,0.0
Iron,KOR,3,0.0,0.0,0.0,0.0,0.0
Iron,KOR,4,0.0,0.0,0.0,0.0,0.0
Iron,KOR,5,0.0,0.0,0.0,0.0,0.0
Iron,KOR,6,0.0,0.0,0.0,0.0,0.0
Iron,KOR,7,0.0,0.0,0.0,0.0,0.0
Iron,KOR,8,0.0,0.0,0.0,0.0,0.0
Iron,KOR,9,0.0,0.0,0.0,0.0,0.0
Iron,KOR,10,0.0,0.0,0.0,0.0,0.0
Iron,KOR,11,0.0,0.0,0.0,0.0,0.0
Iron,KOR,12,0.0,0.0,0.0,0.0,0.0
Iron,KOR,13,0.0,0.0,0.0,0.0,0.0
Iron,ROE,0,0.0,0.0,0.0,0.0,0.0
Iron,ROE,1,0.0,0.0,0.0,0.0,0.0
Iron,ROE,2,0.0,0.0,0.0,0.0,0.0
Iron,ROE,3,0.0,0.0,0.0,0.0,0.0
Iron,ROE,4,0.0,0.0,0.0,0.0,0.0
Iron,ROE,5,0.0,0.0,0.0,0.0,0.0
Iron,ROE,6,0.0,0.0,0.0,0.0,0.0
Iron,ROE,7,0.0,0.0,0.0,0.0,0.0
Iron,ROE,8,0.0,0.0,0.0,0.0,0.0
Iron,ROE,9,0.0,0.0,0.0,0.0,0.0
Iron,ROE,10,0.0,0.0,0.0,0.0,0.0
Iron,ROE,11,0.0,0.0,0.0,0.0,0.0
Iron,ROE,12,0.0,0.0,0.0,0.0,0.0
Iron,ROE,13,0.0,0.0,0.0,0.0,0.0
Iron,ROW,0,0.0,0.0,0.0,0.0,0.0
Iron,ROW,1,0.0,0.0,0.0,0.0,0.0
Iron,ROW,2,0.0,0.0,0.0,0.0,0.0
Iron,ROW,3,0.0,0.0,0.0,0.0,0.0
Iron,ROW,4,0.0,0.0,0.0,0.0,0.0
Iron,ROW,5,0.0,0.0,0.0,0.0,0.0
Iron,ROW,6,0.0,0.0,0.0,0.0,0.0
Iron,ROW,7,0.0,0.0,0.0,0.0,0.0
Iron,ROW,8,0.0,0.0,0.0,0.0,0.0
Iron,ROW,9,0.0,0.0,0.0,0.0,0.0
Iron,ROW,10,0.0,0.0,0.0,0.0,0.0
Iron,ROW,11,0.0,0.0,0.0,0.0,0.0
Iron,ROW,12,0.0,0.0,0.0,0.0,0.0
Iron,ROW,13,0.0,0.0,0.0,0.0,0.0
Iron,USA,0,0.0,0.0,0.0,0.0,0.0
Iron,USA,1,0.0,0.0,0.0,0.0,0.0
Iron,USA,2,0.0,0.0,0.0,0.0,0.0
Iron,USA,3,0.0,0.0,0.0,0.0,0.0
Iron,USA,4,0.0,0.0,0.0,0.0,0.0
Iron,USA,5,0.0,0.0,0.0,0.0,0.0
Iron,USA,6,0.0,0.0,0.0,0.0,0.0
Iron,USA,7,0.0,0.0,0.0,0.0,0.0
Iron,USA,8,0.0,0.0,0.0,0.0,0.0
Iron,USA,9,0.0,0.0,0.0,0.0,0.0
Iron,USA,10,0.0,0.0,0.0,0.0,0.0
Iron,USA,11,0.0,0.0,0.0,0.0,0.0
Iron,USA,12,0.0,0.0,0.0,0.0,0.0
Iron,USA,13,0.0,0.0,0.0,0.0,0.0
Iron_reserves,AUS,0,0.0,0.0,0.0,0.0,0.0
Iron_reserves,AUS,1,0.0,0.0,0.0,0.0,0.0
Iron_reserves,AUS,2,0.0,0.0,0.0,0.0,0.0
Iron_reserves,AUS,3,0.0,0.0,0.0,0.0,0.0
Iron_reserves,AUS,4,0.0,0.0,0.0,0.0,0.0
Iron_reserves,AUS,5,0.0,0.0,0.0,0.0,0.0
Iron_reserves,AUS,6,0.0,0.0,0.0,0.0,0.0
Iron_reserves,AUS,7,0.0,0.0,0.0,0.0,0.0
Iron_reserves,AUS,8,0.0,0.0,0.0,0.0,0.0
Iron_reserves,AUS,9,0.0,0.0,0.0,0.0,0.0
Iron_reserves,AUS,10,0.0,0.0,0.0,0.0,0.0
Iron_reserves,AUS,11,0.0,0.0,0.0,0.0,0.0
Iron_reserves,AUS,12,0.0,0.0,0.0,0.0,0.0
Iron_reserves,AUS,13,0.0,0.0,0.0,0.0,0.0
Iron_reserves,AUT,0,0.0,0.0,0.0,0.0,0.0
Iron_reserves,AUT,1,0.0,0.0,0.0,0.0,0.0
Iron_reserves,AUT,2,0.0,0.0,0.0,0.0,0.0
Iron_reserves,AUT,3,0.0,0.0,0.0,0.0,0.0
Iron_reserves,AUT,4,0.0,0.0,0.0,0.0,0.0
Iron_reserves,AUT,5,0.0,0.0,0.0,0.0,0.0
Iron_reserves,AUT,6,0.0,0.0,0.0,0.0,0.0
Iron_reserves,AUT,7,0.0,0.0,0.0,0.0,0.0
Iron_reserves,AUT,8,0.0,0.0,0.0,0.0,0.0
Iron_reserves,AUT,9,0.0,0.0,0.0,0.0,0.0
Iron_reserves,AUT,10,0.0,0.0,0.0,0.0,0.0
Iron_reserves,AUT,11,0.0,0.0,0.0,0.0,0.0
Iron_reserves,AUT,12,0.0,0.0,0.0,0.0,0.0
Iron_reserves,AUT,13,0.0,0.0,0.0,0.0,0.0
Iron_reserves,BRA,0,0.0,0.0,0.0,0.0,0.0
Iron_reserves,BRA,1,0.0,0.0,0.0,0.0,0.0
Iron_reserves,BRA,2,0.0,0.0,0.0,0.0,0.0
Iron_reserves,BRA,3,0.0,0.0,0.0,0.0,0.0
Iron_reserves,BRA,4,0.0,0.0,0.0,0.0,0.0
Iron_reserves,BRA,5,0.0,0.0,0.0,0.0,0.0
Iron_reserves,BRA,6,0.0,0.0,0.0,0.0,0.0
Iron_reserves,BRA,7,0.0,0.0,0.0,0.0,0.0
Iron_reserves,BRA,8,0.0,0.0,0.0,0.0,0.0
Iron_reserves,BRA,9,0.0,0.0,0.0,0.0,0.0
Iron_reserves,BRA,10,0.0,0.0,0.0,0.0,0.0
Iron_reserves,BRA,11,0.0,0.0,0.0,0.0,0.0
Iron_reserves,BRA,12,0.0,0.0,0.0,0.0,0.0
Iron_reserves,BRA,13,0.0,0.0,0.0,0.0,0.0
Iron_reserves,CHN,0,6204.68244,6204.68244,6204.68244,6204.682440000001,6204.68244
Iron_reserves,CHN,1,6719.59064524044,6719.59064524044,6719.59064524044,6719.590645240441,6719.59064524044
Iron_reserves,CHN,2,7293.3391956123605,7293.33919561236,7293.33919561236,7293.339195612362,7293.33919561236
Iron_reserves,CHN,3,7934.074895057519,7934.074895057519,7934.074895057521,7934.074895057521,7934.074895057521
Iron_reserves,CHN,4,8651.19168868812,8651.19168868812,8651.191688688123,8651.191688688119,8651.19168868812
Iron_reserves,CHN,5,9455.532398813162,9455.53239881316,9455.53239881316,9455.532398813162,9455.53239881316
Iron_reserves,CHN,6,10359.622770031921,10359.622770031921,10359.622770031921,10359.622770031921,10359.622770031921
Iron_reserves,CHN,7,11377.945201935841,11377.94520193584,11377.94520193584,11377.945201935843,11377.94520193584
Iron_reserves,CHN,8,12527.256641262002,12527.256641262,12527.256641262002,12527.256641262,12527.256641262
Iron_reserves,CHN,9,13826.9612541258,13826.9612541258,13826.961254107913,13826.961254125801,13826.961254125803
Iron_reserves,CHN,10,15299.543188646641,15299.543188646641,15299.54318866453,15299.543188646641,15299.543188646641
Iron_reserves,CHN,11,16971.073290680524,16971.073290662633,16971.073290662636,16971.073290680524,16971.073290680524
Iron_reserves,CHN,12,18586.0983,18871.798828124156,18871.798828124156,18871.798828142044,18586.0983
Iron_reserves,CHN,13,19922.061456,21036.833775846702,21036.8337758467,21036.833775900366,19922.061456
Iron_reserves,CZE,0,0.0,0.0,0.0,0.0,0.0
Iron_reserves,CZE,1,0.0,0.0,0.0,0.0,0.0
Iron_reserves,CZE,2,0.0,0.0,0.0,0.0,0.0
Iron_reserves,CZE,3,0.0,0.0,0.0,0.0,0.0
Iron_reserves,CZE,4,0.0,0.0,0.0,0.0,0.0
Iron_reserves,CZE,5,0.0,0.0,0.0,0.0,0.0
Iron_reserves,CZE,6,0.0,0.0,0.0,0.0,0.0
Iron_reserves,CZE,7,0.0,0.0,0.0,0.0,0.0
Iron_reserves,CZE,8,0.0,0.0,0.0,0.0,0.0
Iron_reserves,CZE,9,0.0,0.0,0.0,0.0,0.0
Iron_reserves,CZE,10,0.0,0.0,0.0,0.0,0.0
Iron_reserves,CZE,11,0.0,0.0,0.0,0.0,0.0
Iron_reserves,CZE,12,0.0,0.0,0.0,0.0,0.0
Iron_reserves,CZE,13,0.0,0.0,0.0,0.0,0.0
Iron_reserves,DEU,0,0.0,0.0,0.0,0.0,0.0
Iron_reserves,DEU,1,0.0,0.0,0.0,0.0,0.0
Iron_reserves,DEU,2,0.0,0.0,0.0,0.0,0.0
Iron_reserves,DEU,3,0.0,0.0,0.0,0.0,0.0
Iron_reserves,DEU,4,0.0,0.0,0.0,0.0,0.0
Iron_reserves,DEU,5,0.0,0.0,0.0,0.0,0.0
Iron_reserves,DEU,6,0.0,0.0,0.0,0.0,0.0
Iron_reserves,DEU,7,0.0,0.0,0.0,0.0,0.0
Iron_reserves,DEU,8,0.0,0.0,0.0,0.0,0.0
Iron_reserves,DEU,9,0.0,0.0,0.0,0.0,0.0
Iron_reserves,DEU,10,0.0,0.0,0.0,0.0,0.0
Iron_reserves,DEU,11,0.0,0.0,0.0,0.0,0.0
Iron_reserves,DEU,12,0.0,0.0,0.0,0.0,0.0
Iron_reserves,DEU,13,0.0,0.0,0.0,0.0,0.0
Iron_reserves,ITA,0,0.0,0.0,0.0,0.0,0.0
Iron_reserves,ITA,1,0.0,0.0,0.0,0.0,0.0
Iron_reserves,ITA,2,0.0,0.0,0.0,0.0,0.0
Iron_reserves,ITA,3,0.0,0.0,0.0,0.0,0.0
Iron_reserves,ITA,4,0.0,0.0,0.0,0.0,0.0
Iron_reserves,ITA,5,0.0,0.0,0.0,0.0,0.0
Iron_reserves,ITA,6,0.0,0.0,0.0,0.0,0.0
Iron_reserves,ITA,7,0.0,0.0,0.0,0.0,0.0
Iron_reserves,ITA,8,0.0,0.0,0.0,0.0,0.0
Iron_reserves,ITA,9,0.0,0.0,0.0,0.0,0.0
Iron_reserves,ITA,10,0.0,0.0,0.0,0.0,0.0
Iron_reserves,ITA,11,0.0,0.0,0.0,0.0,0.0
Iron_reserves,ITA,12,0.0,0.0,0.0,0.0,0.0
Iron_reserves,ITA,13,0.0,0.0,0.0,0.0,0.0
Iron_reserves,JPN,0,0.0,0.0,0.0,0.0,0.0
Iron_reserves,JPN,1,0.0,0.0,0.0,0.0,0.0
Iron_reserves,JPN,2,0.0,0.0,0.0,0.0,0.0
Iron_reserves,JPN,3,0.0,0.0,0.0,0.0,0.0
Iron_reserves,JPN,4,0.0,0.0,0.0,0.0,0.0
Iron_reserves,JPN,5,0.0,0.0,0.0,0.0,0.0
Iron_reserves,JPN,6,0.0,0.0,0.0,0.0,0.0
Iron_reserves,JPN,7,0.0,0.0,0.0,0.0,0.0
Iron_reserves,JPN,8,0.0,0.0,0.0,0.0,0.0
Iron_reserves,JPN,9,0.0,0.0,0.0,0.0,0.0
Iron_reserves,JPN,10,0.0,0.0,0.0,0.0,0.0
Iron_reserves,JPN,11,0.0,0.0,0.0,0.0,0.0
Iron_reserves,JPN,12,0.0,0.0,0.0,0.0,0.0
Iron_reserves,JPN,13,0.0,0.0,0.0,0.0,0.0
Iron_reserves,KOR,0,0.0,0.0,0.0,0.0,0.0
Iron_reserves,KOR,1,0.0,0.0,0.0,0.0,0.0
Iron_reserves,KOR,2,0.0,0.0,0.0,0.0,0.0
Iron_reserves,KOR,3,0.0,0.0,0.0,0.0,0.0
Iron_reserves,KOR,4,0.0,0.0,0.0,0.0,0.0
Iron_reserves,KOR,5,0.0,0.0,0.0,0.0,0.0
Iron_reserves,KOR,6,0.0,0.0,0.0,0.0,0.0
Iron_reserves,KOR,7,0.0,0.0,0.0,0.0,0.0
Iron_reserves,KOR,8,0.0,0.0,0.0,0.0,0.0
Iron_reserves,KOR,9,0.0,0.0,0.0,0.0,0.0
Iron_reserves,KOR,10,0.0,0.0,0.0,0.0,0.0
Iron_reserves,KOR,11,0.0,0.0,0.0,0.0,0.0
Iron_reserves,KOR,12,0.0,0.0,0.0,0.0,0.0
Iron_reserves,KOR,13,0.0,0.0,0.0,0.0,0.0
Iron_reserves,ROE,0,0.0,0.0,0.0,0.0,0.0
Iron_reserves,ROE,1,0.0,0.0,0.0,0.0,0.0
Iron_reserves,ROE,2,0.0,0.0,0.0,0.0,0.0
Iron_reserves,ROE,3,0.0,0.0,0.0,0.0,0.0
Iron_reserves,ROE,4,0.0,0.0,0.0,0.0,0.0
Iron_reserves,ROE,5,0.0,0.0,0.0,0.0,0.0
Iron_reserves,ROE,6,0.0,0.0,0.0,0.0,0.0
Iron_reserves,ROE,7,0.0,0.0,0.0,0.0,0.0
Iron_reserves,ROE,8,0.0,0.0,0.0,0.0,0.0
Iron_reserves,ROE,9,0.0,0.0,0.0,0.0,0.0
Iron_reserves,ROE,10,0.0,0.0,0.0,0.0,0.0
Iron_reserves,ROE,11,0.0,0.0,0.0,0.0,0.0
Iron_reserves,ROE,12,0.0,0.0,0.0,0.0,0.0
Iron_reserves,ROE,13,0.0,0.0,0.0,0.0,0.0
Iron_reserves,ROW,0,0.0,0.0,0.0,0.0,0.0
Iron_reserves,ROW,1,0.0,0.0,0.0,0.0,0.0
Iron_reserves,ROW,2,0.0,0.0,0.0,0.0,0.0
Iron_reserves,ROW,3,0.0,0.0,0.0,0.0,0.0
Iron_reserves,ROW,4,0.0,0.0,0.0,0.0,0.0
Iron_reserves,ROW,5,0.0,0.0,0.0,0.0,0.0
Iron_reserves,ROW,6,0.0,0.0,0.0,0.0,0.0
Iron_reserves,ROW,7,0.0,0.0,0.0,0.0,0.0
Iron_reserves,ROW,8,0.0,0.0,0.0,0.0,0.0
Iron_reserves,ROW,9,0.0,0.0,0.0,0.0,0.0
Iron_reserves,ROW,10,0.0,0.0,0.0,0.0,0.0
Iron_reserves,ROW,11,0.0,0.0,0.0,0.0,0.0
Iron_reserves,ROW,12,0.0,0.0,0.0,0.0,0.0
Iron_reserves,ROW,13,0.0,0.0,0.0,0.0,0.0
Iron_reserves,USA,0,0.0,0.0,0.0,0.0,0.0
Iron_reserves,USA,1,0.0,0.0,0.0,0.0,0.0
Iron_reserves,USA,2,0.0,0.0,0.0,0.0,0.0
Iron_reserves,USA,3,0.0,0.0,0.0,0.0,0.0
Iron_reserves,USA,4,0.0,0.0,0.0,0.0,0.0
Iron_reserves,USA,5,0.0,0.0,0.0,0.0,0.0
Iron_reserves,USA,6,0.0,0.0,0.0,0.0,0.0
Iron_reserves,USA,7,0.0,0.0,0.0,0.0,0.0
Iron_reserves,USA,8,0.0,0.0,0.0,0.0,0.0
Iron_reserves,USA,9,0.0,0.0,0.0,0.0,0.0
Iron_reserves,USA,10,0.0,0.0,0.0,0.0,0.0
Iron_reserves,USA,11,0.0,0.0,0.0,0.0,0.0
Iron_reserves,USA,12,0.0,0.0,0.0,0.0,0.0
Iron_reserves,USA,13,0.0,0.0,0.0,0.0,0.0
Nickel_reserves,AUS,0,0.0,0.0,0.0,0.0,0.0
Nickel_reserves,AUS,1,0.0,0.0,0.0,0.0,0.0
Nickel_reserves,AUS,2,0.0,0.0,0.0,0.0,0.0
Nickel_reserves,AUS,3,0.0,0.0,0.0,0.0,0.0
Nickel_reserves,AUS,4,0.0,0.0,0.0,0.0,0.0
Nickel_reserves,AUS,5,0.0,0.0,0.0,0.0,0.0
Nickel_reserves,AUS,6,0.0,0.0,0.0,0.0,0.0
Nickel_reserves,AUS,7,0.0,0.0,0.0,0.0,0.0
Nickel_reserves,AUS,8,0.0,0.0,0.0,0.0,0.0
Nickel_reserves,AUS,9,0.0,0.0,0.0,0.0,0.0
Nickel_reserves,AUS,10,0.0,0.0,0.0,0.0,0.0
Nickel_reserves,AUS,11,0.0,0.0,0.0,0.0,0.0
Nickel_reserves,AUS,12,0.0,0.0,0.0,0.0,0.0
Nickel_reserves,AUS,13,0.0,0.0,0.0,0.0,0.0
Nickel_reserves,AUT,0,0.0,0.0,0.0,0.0,0.0
Nickel_reserves,AUT,1,0.0,0.0,0.0,0.0,0.0
Nickel_reserves,AUT,2,0.0,0.0,0.0,0.0,0.0
Nickel_reserves,AUT,3,0.0,0.0,0.0,0.0,0.0
Nickel_reserves,AUT,4,0.0,0.0,0.0,0.0,0.0
Nickel_reserves,AUT,5,0.0,0.0,0.0,0.0,0.0
Nickel_reserves,AUT,6,0.0,0.0,0.0,0.0,0.0
Nickel_reserves,AUT,7,0.0,0.0,0.0,0.0,0.0
Nickel_reserves,AUT,8,0.0,0.0,0.0,0.0,0.0
Nickel_reserves,AUT,9,0.0,0.0,0.0,0.0,0.0
Nickel_reserves,AUT,10,0.0,0.0,0.0,0.0,0.0
Nickel_reserves,AUT,11,0.0,0.0,0.0,0.0,0.0
Nickel_reserves,AUT,12,0.0,0.0,0.0,0.0,0.0
Nickel_reserves,AUT,13,0.0,0.0,0.0,0.0,0.0
Nickel_reserves,BRA,0,0.0,0.0,0.0,0.0,0.0
Nickel_reserves,BRA,1,0.0,0.0,0.0,0.0,0.0
Nickel_reserves,BRA,2,0.0,0.0,0.0,0.0,0.0
Nickel_reserves,BRA,3,0.0,0.0,0.0,0.0,0.0
Nickel_reserves,BRA,4,0.0,0.0,0.0,0.0,0.0
Nickel_reserves,BRA,5,0.0,0.0,0.0,0.0,0.0
Nickel_reserves,BRA,6,0.0,0.0,0.0,0.0,0.0
Nickel_reserves,BRA,7,0.0,0.0,0.0,0.0,0.0
Nickel_reserves,BRA,8,0.0,0.0,0.0,0.0,0.0
Nickel_reserves,BRA,9,0.0,0.0,0.0,0.0,0.0
Nickel_reserves,BRA,10,0.0,0.0,0.0,0.0,0.0
Nickel_reserves,BRA,11,0.0,0.0,0.0,0.0,0.0
Nickel_reserves,BRA,12,0.0,0.0,0.0,0.0,0.0
Nickel_reserves,BRA,13,0.0,0.0,0.0,0.0,0.0
Nickel_reserves,CHN,0,133.2,133.2,133.2,133.2,133.2
Nickel_reserves,CHN,1,144.2538732,144.2538732,144.2538732,144.2538732,144.2538732
Nickel_reserves,CHN,2,156.5709108,156.57091079999998,156.57091079999998,156.5709108,156.5709108
Nickel_reserves,CHN,3,170.3260056,170.3260056,170.3260056,170.3260056,170.32600559999997
Nickel_reserves,CHN,4,185.72082360000002,185.72082360000002,185.72082360000002,185.72082359999996,185.7208236
Nickel_reserves,CHN,5,202.9881348,202.9881348,202.9881348,202.98813479999998,202.9881348
Nickel_reserves,CHN,6,222.3968376,222.39683759999997,222.39683760000003,222.3968376,222.39683760000003
Nickel_reserves,CHN,7,244.25783520000005,244.2578352,244.2578352,244.2578352,244.2578352
Nickel_reserves,CHN,8,268.93086,268.93086000000005,268.93086000000005,268.93086000000005,268.93085999999994
Nickel_reserves,CHN,9,296.83247400000005,296.83247399999993,296.832473999616,296.83247399999993,296.83247400000005
Nickel_reserves,CHN,10,328.4453592,328.44535920000004,328.445359200384,328.44535920000004,328.4453592
Nickel_reserves,CHN,11,364.3291956,364.329195599616,364.329195599616,364.32919560000005,364.32919560000005
Nickel_reserves,CHN,12,399.0,405.133321199616,405.133321199616,405.1333212,399.0
Nickel_reserves,CHN,13,427.67999999999995,451.61155079884804,451.61155079884804,451.6115508,427.67999999999995
Nickel_reserves,CZE,0,0.0,0.0,0.0,0.0,0.0
Nickel_reserves,CZE,1,0.0,0.0,0.0,0.0,0.0
Nickel_reserves,CZE,2,0.0,0.0,0.0,0.0,0.0
Nickel_reserves,CZE,3,0.0,0.0,0.0,0.0,0.0
Nickel_reserves,CZE,4,0.0,0.0,0.0,0.0,0.0
Nickel_reserves,CZE,5,0.0,0.0,0.0,0.0,0.0
Nickel_reserves,CZE,6,0.0,0.0,0.0,0.0,0.0
Nickel_reserves,CZE,7,0.0,0.0,0.0,0.0,0.0
Nickel_reserves,CZE,8,0.0,0.0,0.0,0.0,0.0
Nickel_reserves,CZE,9,0.0,0.0,0.0,0.0,0.0
Nickel_reserves,CZE,10,0.0,0.0,0.0,0.0,0.0
Nickel_reserves,CZE,11,0.0,0.0,0.0,0.0,0.0
Nickel_reserves,CZE,12,0.0,0.0,0.0,0.0,0.0
Nickel_reserves,CZE,13,0.0,0.0,0.0,0.0,0.0
Nickel_reserves,DEU,0,0.0,0.0,0.0,0.0,0.0
Nickel_reserves,DEU,1,0.0,0.0,0.0,0.0,0.0
Nickel_reserves,DEU,2,0.0,0.0,0.0,0.0,0.0
Nickel_reserves,DEU,3,0.0,0.0,0.0,0.0,0.0
Nickel_reserves,DEU,4,0.0,0.0,0.0,0.0,0.0
Nickel_reserves,DEU,5,0.0,0.0,0.0,0.0,0.0
Nickel_reserves,DEU,6,0.0,0.0,0.0,0.0,0.0
Nickel_reserves,DEU,7,0.0,0.0,0.0,0.0,0.0
Nickel_reserves,DEU,8,0.0,0.0,0.0,0.0,0.0
Nickel_reserves,DEU,9,0.0,0.0,0.0,0.0,0.0
Nickel_reserves,DEU,10,0.0,0.0,0.0,0.0,0.0
Nickel_reserves,DEU,11,0.0,0.0,0.0,0.0,0.0
Nickel_reserves,DEU,12,0.0,0.0,0.0,0.0,0.0
Nickel_reserves,DEU,13,0.0,0.0,0.0,0.0,0.0
Nickel_reserves,ITA,0,0.0,0.0,0.0,0.0,0.0
Nickel_reserves,ITA,1,0.0,0.0,0.0,0.0,0.0
Nickel_reserves,ITA,2,0.0,0.0,0.0,0.0,0.0
Nickel_reserves,ITA,3,0.0,0.0,0.0,0.0,0.0
Nickel_reserves,ITA,4,0.0,0.0,0.0,0.0,0.0
Nickel_reserves,ITA,5,0.0,0.0,0.0,0.0,0.0
Nickel_reserves,ITA,6,0.0,0.0,0.0,0.0,0.0
Nickel_reserves,ITA,7,0.0,0.0,0.0,0.0,0.0
Nickel_reserves,ITA,8,0.0,0.0,0.0,0.0,0.0
Nickel_reserves,ITA,9,0.0,0.0,0.0,0.0,0.0
Nickel_reserves,ITA,10,0.0,0.0,0.0,0.0,0.0
Nickel_reserves,ITA,11,0.0,0.0,0.0,0.0,0.0
Nickel_reserves,ITA,12,0.0,0.0,0.0,0.0,0.0
Nickel_reserves,ITA,13,0.0,0.0,0.0,0.0,0.0
Nickel_reserves,JPN,0,0.0,0.0,0.0,0.0,0.0
Nickel_reserves,JPN,1,0.0,0.0,0.0,0.0,0.0
Nickel_reserves,JPN,2,0.0,0.0,0.0,0.0,0.0
Nickel_reserves,JPN,3,0.0,0.0,0.0,0.0,0.0
Nickel_reserves,JPN,4,0.0,0.0,0.0,0.0,0.0
Nickel_reserves,JPN,5,0.0,0.0,0.0,0.0,0.0
Nickel_reserves,JPN,6,0.0,0.0,0.0,0.0,0.0
Nickel_reserves,JPN,7,0.0,0.0,0.0,0.0,0.0
Nickel_reserves,JPN,8,0.0,0.0,0.0,0.0,0.0
Nickel_reserves,JPN,9,0.0,0.0,0.0,0.0,0.0
Nickel_reserves,JPN,10,0.0,0.0,0.0,0.0,0.0
Nickel_reserves,JPN,11,0.0,0.0,0.0,0.0,0.0
Nickel_reserves,JPN,12,0.0,0.0,0.0,0.0,0.0
Nickel_reserves,JPN,13,0.0,0.0,0.0,0.0,0.0
Nickel_reserves,KOR,0,0.0,0.0,0.0,0.0,0.0
Nickel_reserves,KOR,1,0.0,0.0,0.0,0.0,0.0
Nickel_reserves,KOR,2,0.0,0.0,0.0,0.0,0.0
Nickel_reserves,KOR,3,0.0,0.0,0.0,0.0,0.0
Nickel_reserves,KOR,4,0.0,0.0,0.0,0.0,0.0
Nickel_reserves,KOR,5,0.0,0.0,0.0,0.0,0.0
Nickel_reserves,KOR,6,0.0,0.0,0.0,0.0,0.0
Nickel_reserves,KOR,7,0.0,0.0,0.0,0.0,0.0
Nickel_reserves,KOR,8,0.0,0.0,0.0,0.0,0.0
Nickel_reserves,KOR,9,0.0,0.0,0.0,0.0,0.0
Nickel_reserves,KOR,10,0.0,0.0,0.0,0.0,0.0
Nickel_reserves,KOR,11,0.0,0.0,0.0,0.0,0.0
Nickel_reserves,KOR,12,0.0,0.0,0.0,0.0,0.0
Nickel_reserves,KOR,13,0.0,0.0,0.0,0.0,0.0
Nickel_reserves,ROE,0,0.0,0.0,0.0,0.0,0.0
Nickel_reserves,ROE,1,0.0,0.0,0.0,0.0,0.0
Nickel_reserves,ROE,2,0.0,0.0,0.0,0.0,0.0
Nickel_reserves,ROE,3,0.0,0.0,0.0,0.0,0.0
Nickel_reserves,ROE,4,0.0,0.0,0.0,0.0,0.0
Nickel_reserves,ROE,5,0.0,0.0,0.0,0.0,0.0
Nickel_reserves,ROE,6,0.0,0.0,0.0,0.0,0.0
Nickel_reserves,ROE,7,0.0,0.0,0.0,0.0,0.0
Nickel_reserves,ROE,8,0.0,0.0,0.0,0.0,0.0
Nickel_reserves,ROE,9,0.0,0.0,0.0,0.0,0.0
Nickel_reserves,ROE,10,0.0,0.0,0.0,0.0,0.0
Nickel_reserves,ROE,11,0.0,0.0,0.0,0.0,0.0
Nickel_reserves,ROE,12,0.0,0.0,0.0,0.0,0.0
Nickel_reserves,ROE,13,0.0,0.0,0.0,0.0,0.0
Nickel_reserves,ROW,0,0.0,0.0,0.0,0.0,0.0
Nickel_reserves,ROW,1,0.0,0.0,0.0,0.0,0.0
Nickel_reserves,ROW,2,0.0,0.0,0.0,0.0,0.0
Nickel_reserves,ROW,3,0.0,0.0,0.0,0.0,0.0
Nickel_reserves,ROW,4,0.0,0.0,0.0,0.0,0.0
Nickel_reserves,ROW,5,0.0,0.0,0.0,0.0,0.0
Nickel_reserves,ROW,6,0.0,0.0,0.0,0.0,0.0
Nickel_reserves,ROW,7,0.0,0.0,0.0,0.0,0.0
Nickel_reserves,ROW,8,0.0,0.0,0.0,0.0,0.0
Nickel_reserves,ROW,9,0.0,0.0,0.0,0.0,0.0
Nickel_reserves,ROW,10,0.0,0.0,0.0,0.0,0.0
Nickel_reserves,ROW,11,0.0,0.0,0.0,0.0,0.0
Nickel_reserves,ROW,12,0.0,0.0,0.0,0.0,0.0
Nickel_reserves,ROW,13,0.0,0.0,0.0,0.0,0.0
Nickel_reserves,USA,0,0.0,0.0,0.0,0.0,0.0
Nickel_reserves,USA,1,0.0,0.0,0.0,0.0,0.0
Nickel_reserves,USA,2,0.0,0.0,0.0,0.0,0.0
Nickel_reserves,USA,3,0.0,0.0,0.0,0.0,0.0
Nickel_reserves,USA,4,0.0,0.0,0.0,0.0,0.0
Nickel_reserves,USA,5,0.0,0.0,0.0,0.0,0.0
Nickel_reserves,USA,6,0.0,0.0,0.0,0.0,0.0
Nickel_reserves,USA,7,0.0,0.0,0.0,0.0,0.0
Nickel_reserves,USA,8,0.0,0.0,0.0,0.0,0.0
Nickel_reserves,USA,9,0.0,0.0,0.0,0.0,0.0
Nickel_reserves,USA,10,0.0,0.0,0.0,0.0,0.0
Nickel_reserves,USA,11,0.0,0.0,0.0,0.0,0.0
Nickel_reserves,USA,12,0.0,0.0,0.0,0.0,0.0
Nickel_reserves,USA,13,0.0,0.0,0.0,0.0,0.0
