technology,carrier,node,time_operation,value_scenario_,value_scenario_S1,value_scenario_S2,value_scenario_S3,value_scenario_S4
Aluminium_production,Aluminium,AUS,0,60.0,60.0,60.0,60.0,60.0
Aluminium_production,Aluminium,AUS,1,60.0,60.0,60.0,60.0,60.0
Aluminium_production,Aluminium,AUS,2,60.0,60.0,60.0,60.0,60.0
Aluminium_production,Aluminium,AUS,3,60.0,60.0,60.0,60.0,60.0
Aluminium_production,Aluminium,AUS,4,60.0,60.0,60.0,60.0,60.0
Aluminium_production,Aluminium,AUS,5,60.0,60.0,60.0,60.0,60.0
Aluminium_production,Aluminium,AUS,6,60.0,60.0,60.0,60.0,60.0
Aluminium_production,Aluminium,AUS,7,60.0,60.0,60.0,60.0,60.0
Aluminium_production,Aluminium,AUS,8,60.0,60.0,60.0,60.0,60.0
Aluminium_production,Aluminium,AUS,9,60.0,60.0,60.0,60.0,60.0
Aluminium_production,Aluminium,AUS,10,60.0,60.0,60.0,60.0,60.0
Aluminium_production,Aluminium,AUS,11,60.0,60.0,60.0,60.0,60.0
Aluminium_production,Aluminium,AUS,12,60.0,60.0,60.0,60.0,60.0
Aluminium_production,Aluminium,AUS,13,60.0,60.0,60.0,60.0,60.0
Aluminium_production,Aluminium,AUT,0,19.64,19.64,19.64,19.64,19.64
Aluminium_production,Aluminium,AUT,1,19.64,19.64,19.64,19.64,19.64
Aluminium_production,Aluminium,AUT,2,19.64,19.64,19.64,19.64,19.64
Aluminium_production,Aluminium,AUT,3,19.64,19.64,19.64,19.64,19.64
Aluminium_production,Aluminium,AUT,4,19.64,19.64,19.64,19.64,19.64
Aluminium_production,Aluminium,AUT,5,19.64,19.64,19.64,19.64,19.64
Aluminium_production,Aluminium,AUT,6,19.64,19.64,19.64,19.64,19.64
Aluminium_production,Aluminium,AUT,7,19.64,19.64,19.64,19.64,19.64
Aluminium_production,Aluminium,AUT,8,19.64,19.64,19.64,19.64,19.64
Aluminium_production,Aluminium,AUT,9,19.64,19.64,19.64,19.64,19.64
Aluminium_production,Aluminium,AUT,10,19.64,19.64,19.64,19.64,19.64
Aluminium_production,Aluminium,AUT,11,19.64,19.64,19.64,19.64,19.64
Aluminium_production,Aluminium,AUT,12,19.64,19.64,19.64,19.64,19.64
Aluminium_production,Aluminium,AUT,13,19.64,19.64,19.64,19.64,19.64
Aluminium_production,Aluminium,BRA,0,32.44,32.44,32.44,32.44,32.44
Aluminium_production,Aluminium,BRA,1,32.44,32.44,32.44,32.44,32.44
Aluminium_production,Aluminium,BRA,2,32.44,32.44,32.44,32.44,32.44
Aluminium_production,Aluminium,BRA,3,32.44,32.44,32.44,32.44,32.44
Aluminium_production,Aluminium,BRA,4,32.44,32.44,32.44,32.44,32.44
Aluminium_production,Aluminium,BRA,5,32.44,32.44,32.44,32.44,32.44
Aluminium_production,Aluminium,BRA,6,32.44,32.44,32.44,32.44,32.44
Aluminium_production,Aluminium,BRA,7,32.44,32.44,32.44,32.44,32.44
Aluminium_production,Aluminium,BRA,8,32.44,32.44,32.44,32.44,32.44
Aluminium_production,Aluminium,BRA,9,32.44,32.44,32.44,32.44,32.44
Aluminium_production,Aluminium,BRA,10,32.44,32.44,32.44,32.44,32.44
Aluminium_production,Aluminium,BRA,11,32.44,32.44,32.44,32.44,32.44
Aluminium_production,Aluminium,BRA,12,32.44,32.44,32.44,32.44,32.44
Aluminium_production,Aluminium,BRA,13,32.44,32.44,32.44,32.44,32.44
Aluminium_production,Aluminium,CHN,0,276.36,276.36000000000007,276.36,276.36,276.36
Aluminium_production,Aluminium,CHN,1,313.57470644000006,313.57470644,313.57470644,313.57470644,313.57470644000006
Aluminium_production,Aluminium,CHN,2,355.04206636000004,355.0420663600001,355.04206636,355.0420663600001,355.04206636000004
Aluminium_production,Aluminium,CHN,3,401.3508855200002,401.3508855200001,401.3508855199999,401.35088552,401.3508855200002
Aluminium_production,Aluminium,CHN,4,453.18010612000006,453.18010612,453.1801061199998,453.18010612000006,453.18010612000006
Aluminium_production,Aluminium,CHN,5,511.31338715999993,511.31338715999993,511.3133871599997,511.31338715999993,511.31338715999993
Aluminium_production,Aluminium,CHN,6,576.65601992,576.6560199200001,576.6560199199998,576.65601992,576.65601992
Aluminium_production,Aluminium,CHN,7,650.2547118399998,650.2547118399999,650.2547118399998,650.2547118399999,650.2547118399998
Aluminium_production,Aluminium,CHN,8,733.3205619999998,733.320562,733.3205619999997,733.3205619999999,733.3205619999998
Aluminium_production,Aluminium,CHN,9,827.2559957999999,827.2559958,827.255995798707,827.2559957999999,827.2559957999999
Aluminium_production,Aluminium,CHN,10,0.0,933.6860426399999,933.6860426412927,933.6860426400001,0.0
Aluminium_production,Aluminium,CHN,11,0.0,1054.494958518707,1054.494958518707,1054.4949585200002,0.0
Aluminium_production,Aluminium,CHN,12,0.0,1191.8688480387068,1191.868848038707,1191.86884804,0.0
Aluminium_production,Aluminium,CHN,13,0.0,1348.3455543561213,1348.3455543561217,1348.3455543599996,0.0
Aluminium_production,Aluminium,CZE,0,2.4,2.4,2.4,2.4,2.4
Aluminium_production,Aluminium,CZE,1,2.4,2.4,2.4,2.4,2.4
Aluminium_production,Aluminium,CZE,2,2.4,2.4,2.4,2.4,2.4
Aluminium_production,Aluminium,CZE,3,2.4,2.4,2.4,2.4,2.4
Aluminium_production,Aluminium,CZE,4,2.4,2.4,2.4,2.4,2.4
Aluminium_production,Aluminium,CZE,5,2.4,2.4,2.4,2.4,2.4
Aluminium_production,Aluminium,CZE,6,2.4,2.4,2.4,2.4,2.4
Aluminium_production,Aluminium,CZE,7,2.4,2.4,2.4,2.4,2.4
Aluminium_production,Aluminium,CZE,8,2.4,2.4,2.4,2.4,2.4
Aluminium_production,Aluminium,CZE,9,2.4,2.4,2.4,2.4,2.4
Aluminium_production,Aluminium,CZE,10,2.4,2.4,2.4,2.4,2.4
Aluminium_production,Aluminium,CZE,11,2.4,2.4,2.4,2.4,2.4
Aluminium_production,Aluminium,CZE,12,2.4,2.4,2.4,2.4,2.4
Aluminium_production,Aluminium,CZE,13,2.4,2.4,2.4,2.4,2.4
Aluminium_production,Aluminium,DEU,0,22.0,22.0,22.0,22.0,22.0
Aluminium_production,Aluminium,DEU,1,22.0,22.0,22.0,22.0,22.0
Aluminium_production,Aluminium,DEU,2,22.0,22.0,22.0,22.0,22.0
Aluminium_production,Aluminium,DEU,3,22.0,22.0,22.0,22.0,22.0
Aluminium_production,Aluminium,DEU,4,22.0,22.0,22.0,22.0,22.0
Aluminium_production,Aluminium,DEU,5,22.0,22.0,22.0,22.0,22.0
Aluminium_production,Aluminium,DEU,6,22.0,22.0,22.0,22.0,22.0
Aluminium_production,Aluminium,DEU,7,22.0,22.0,22.0,22.0,22.0
Aluminium_production,Aluminium,DEU,8,22.0,22.0,22.0,22.0,22.0
Aluminium_production,Aluminium,DEU,9,22.0,22.0,22.0,22.0,22.0
Aluminium_production,Aluminium,DEU,10,22.0,22.0,22.0,22.0,22.0
Aluminium_production,Aluminium,DEU,11,22.0,22.0,22.0,22.0,22.0
Aluminium_production,Aluminium,DEU,12,22.0,22.0,22.0,22.0,22.0
Aluminium_production,Aluminium,DEU,13,22.0,22.0,22.0,22.0,22.0
Aluminium_production,Aluminium,ITA,0,0.0,0.0,0.0,0.0,0.0
Aluminium_production,Aluminium,ITA,1,0.0,0.0,0.0,0.0,0.0
Aluminium_production,Aluminium,ITA,2,0.0,0.0,0.0,0.0,0.0
Aluminium_production,Aluminium,ITA,3,0.0,0.0,0.0,0.0,0.0
Aluminium_production,Aluminium,ITA,4,0.0,0.0,0.0,0.0,0.0
Aluminium_production,Aluminium,ITA,5,0.0,0.0,0.0,0.0,0.0
Aluminium_production,Aluminium,ITA,6,0.0,0.0,0.0,0.0,0.0
Aluminium_production,Aluminium,ITA,7,0.0,0.0,0.0,0.0,0.0
Aluminium_production,Aluminium,ITA,8,0.0,0.0,0.0,0.0,0.0
Aluminium_production,Aluminium,ITA,9,0.0,0.0,0.0,0.0,0.0
Aluminium_production,Aluminium,ITA,10,0.0,0.0,0.0,0.0,0.0
Aluminium_production,Aluminium,ITA,11,0.0,0.0,0.0,0.0,0.0
Aluminium_production,Aluminium,ITA,12,0.0,0.0,0.0,0.0,0.0
Aluminium_production,Aluminium,ITA,13,0.0,0.0,0.0,0.0,0.0
Aluminium_production,Aluminium,JPN,0,1.2,1.2,1.2,1.2,1.2
Aluminium_production,Aluminium,JPN,1,1.2,1.2,1.2,1.2,1.2
Aluminium_production,Aluminium,JPN,2,1.2,1.2,1.2,1.2,1.2
Aluminium_production,Aluminium,JPN,3,1.2,1.2,1.2,1.2,1.2
Aluminium_production,Aluminium,JPN,4,1.2,1.2,1.2,1.2,1.2
Aluminium_production,Aluminium,JPN,5,1.2,1.2,1.2,1.2,1.2
Aluminium_production,Aluminium,JPN,6,1.2,1.2,1.2,1.2,1.2
Aluminium_production,Aluminium,JPN,7,1.2,1.2,1.2,1.2,1.2
Aluminium_production,Aluminium,JPN,8,1.2,1.2,1.2,1.2,1.2
Aluminium_production,Aluminium,JPN,9,1.2,1.2,1.2,1.2,1.2
Aluminium_production,Aluminium,JPN,10,1.2,1.2,1.2,1.2,1.2
Aluminium_production,Aluminium,JPN,11,1.2,1.2,1.2,1.2,1.2
Aluminium_production,Aluminium,JPN,12,1.2,1.2,1.2,1.2,1.2
Aluminium_production,Aluminium,JPN,13,1.2,1.2,1.2,1.2,1.2
Aluminium_production,Aluminium,KOR,0,0.0,0.0,0.0,0.0,0.0
Aluminium_production,Aluminium,KOR,1,0.0,0.0,0.0,0.0,0.0
Aluminium_production,Aluminium,KOR,2,0.0,0.0,0.0,0.0,0.0
Aluminium_production,Aluminium,KOR,3,0.0,0.0,0.0,0.0,0.0
Aluminium_production,Aluminium,KOR,4,0.0,0.0,0.0,0.0,0.0
Aluminium_production,Aluminium,KOR,5,0.0,0.0,0.0,0.0,0.0
Aluminium_production,Aluminium,KOR,6,0.0,0.0,0.0,0.0,0.0
Aluminium_production,Aluminium,KOR,7,0.0,0.0,0.0,0.0,0.0
Aluminium_production,Aluminium,KOR,8,0.0,0.0,0.0,0.0,0.0
Aluminium_production,Aluminium,KOR,9,0.0,0.0,0.0,0.0,0.0
Aluminium_production,Aluminium,KOR,10,0.0,0.0,0.0,0.0,0.0
Aluminium_production,Aluminium,KOR,11,0.0,0.0,0.0,0.0,0.0
Aluminium_production,Aluminium,KOR,12,0.0,0.0,0.0,0.0,0.0
Aluminium_production,Aluminium,KOR,13,0.0,0.0,0.0,0.0,0.0
Aluminium_production,Aluminium,ROE,0,0.0,0.0,0.0,0.0,0.0
Aluminium_production,Aluminium,ROE,1,0.0,0.0,0.0,0.0,0.0
Aluminium_production,Aluminium,ROE,2,0.0,0.0,0.0,0.0,0.0
Aluminium_production,Aluminium,ROE,3,0.0,0.0,0.0,0.0,0.0
Aluminium_production,Aluminium,ROE,4,0.0,0.0,0.0,0.0,0.0
Aluminium_production,Aluminium,ROE,5,0.0,0.0,0.0,0.0,0.0
Aluminium_production,Aluminium,ROE,6,0.0,0.0,0.0,0.0,0.0
Aluminium_production,Aluminium,ROE,7,0.0,0.0,0.0,0.0,0.0
Aluminium_production,Aluminium,ROE,8,0.0,0.0,0.0,0.0,0.0
Aluminium_production,Aluminium,ROE,9,0.0,0.0,0.0,0.0,0.0
Aluminium_production,Aluminium,ROE,10,0.0,0.0,0.0,0.0,0.0
Aluminium_production,Aluminium,ROE,11,0.0,0.0,0.0,0.0,0.0
Aluminium_production,Aluminium,ROE,12,0.0,0.0,0.0,0.0,0.0
Aluminium_production,Aluminium,ROE,13,0.0,0.0,0.0,0.0,0.0
Aluminium_production,Aluminium,ROW,0,0.0,0.0,0.0,0.0,0.0
Aluminium_production,Aluminium,ROW,1,0.0,0.0,0.0,0.0,0.0
Aluminium_production,Aluminium,ROW,2,0.0,0.0,0.0,0.0,0.0
Aluminium_production,Aluminium,ROW,3,0.0,0.0,0.0,0.0,0.0
Aluminium_production,Aluminium,ROW,4,0.0,0.0,0.0,0.0,0.0
Aluminium_production,Aluminium,ROW,5,0.0,0.0,0.0,0.0,0.0
Aluminium_production,Aluminium,ROW,6,0.0,0.0,0.0,0.0,0.0
Aluminium_production,Aluminium,ROW,7,0.0,0.0,0.0,0.0,0.0
Aluminium_production,Aluminium,ROW,8,0.0,0.0,0.0,0.0,0.0
Aluminium_production,Aluminium,ROW,9,0.0,0.0,0.0,0.0,0.0
Aluminium_production,Aluminium,ROW,10,0.0,0.0,0.0,0.0,0.0
Aluminium_production,Aluminium,ROW,11,0.0,0.0,0.0,0.0,0.0
Aluminium_production,Aluminium,ROW,12,0.0,0.0,0.0,0.0,0.0
Aluminium_production,Aluminium,ROW,13,0.0,0.0,0.0,0.0,0.0
Aluminium_production,Aluminium,USA,0,34.4,34.4,34.4,34.4,34.4
Aluminium_production,Aluminium,USA,1,34.4,34.4,34.4,34.4,34.4
Aluminium_production,Aluminium,USA,2,34.4,34.4,34.4,34.4,34.4
Aluminium_production,Aluminium,USA,3,34.4,34.4,34.4,34.4,34.4
Aluminium_production,Aluminium,USA,4,34.4,34.4,34.4,34.4,34.4
Aluminium_production,Aluminium,USA,5,34.4,34.4,34.4,34.4,34.4
Aluminium_production,Aluminium,USA,6,34.4,34.4,34.4,34.4,34.4
Aluminium_production,Aluminium,USA,7,34.4,34.4,34.4,34.4,34.4
Aluminium_production,Aluminium,USA,8,34.4,34.4,34.4,34.4,34.4
Aluminium_production,Aluminium,USA,9,34.4,34.4,34.4,34.4,34.4
Aluminium_production,Aluminium,USA,10,34.4,34.4,34.4,34.4,34.4
Aluminium_production,Aluminium,USA,11,34.4,34.4,34.4,34.4,34.4
Aluminium_production,Aluminium,USA,12,34.4,34.4,34.4,34.4,34.4
Aluminium_production,Aluminium,USA,13,34.4,34.4,34.4,34.4,34.4
Bauxite_mining,Bauxite,AUS,0,4000.0,4000.0,4000.0,4000.0,4000.0
Bauxite_mining,Bauxite,AUS,1,4000.0,4000.0,4000.0,4000.0,4000.0
Bauxite_mining,Bauxite,AUS,2,4000.0,4000.0,4000.0,4000.0,4000.0
Bauxite_mining,Bauxite,AUS,3,4000.0,4000.0,4000.0,4000.0,4000.0
Bauxite_mining,Bauxite,AUS,4,4000.0,4000.0,4000.0,4000.0,4000.0
Bauxite_mining,Bauxite,AUS,5,4000.0,4000.0,4000.0,4000.0,4000.0
Bauxite_mining,Bauxite,AUS,6,4000.0,4000.0,4000.0,4000.0,4000.0
Bauxite_mining,Bauxite,AUS,7,4000.0,4000.0,4000.0,4000.0,4000.0
Bauxite_mining,Bauxite,AUS,8,4000.0,4000.0,4000.0,4000.0,4000.0
Bauxite_mining,Bauxite,AUS,9,4000.0,4000.0,4000.0,4000.0,4000.0
Bauxite_mining,Bauxite,AUS,10,4000.0,4000.0,4000.0,4000.0,4000.0
Bauxite_mining,Bauxite,AUS,11,4000.0,4000.0,4000.0,4000.0,4000.0
Bauxite_mining,Bauxite,AUS,12,4000.0,4000.0,4000.0,4000.0,4000.0
Bauxite_mining,Bauxite,AUS,13,4000.0,4000.0,4000.0,4000.0,4000.0
Bauxite_mining,Bauxite,AUT,0,0.0,0.0,0.0,0.0,0.0
Bauxite_mining,Bauxite,AUT,1,0.0,0.0,0.0,0.0,0.0
Bauxite_mining,Bauxite,AUT,2,0.0,0.0,0.0,0.0,0.0
Bauxite_mining,Bauxite,AUT,3,0.0,0.0,0.0,0.0,0.0
Bauxite_mining,Bauxite,AUT,4,0.0,0.0,0.0,0.0,0.0
Bauxite_mining,Bauxite,AUT,5,0.0,0.0,0.0,0.0,0.0
Bauxite_mining,Bauxite,AUT,6,0.0,0.0,0.0,0.0,0.0
Bauxite_mining,Bauxite,AUT,7,0.0,0.0,0.0,0.0,0.0
Bauxite_mining,Bauxite,AUT,8,0.0,0.0,0.0,0.0,0.0
Bauxite_mining,Bauxite,AUT,9,0.0,0.0,0.0,0.0,0.0
Bauxite_mining,Bauxite,AUT,10,0.0,0.0,0.0,0.0,0.0
Bauxite_mining,Bauxite,AUT,11,0.0,0.0,0.0,0.0,0.0
Bauxite_mining,Bauxite,AUT,12,0.0,0.0,0.0,0.0,0.0
Bauxite_mining,Bauxite,AUT,13,0.0,0.0,0.0,0.0,0.0
Bauxite_mining,Bauxite,BRA,0,1320.0,1320.0,1320.0,1320.0,1320.0
Bauxite_mining,Bauxite,BRA,1,1320.0,1320.0,1320.0,1320.0,1320.0
Bauxite_mining,Bauxite,BRA,2,1320.0,1320.0,1320.0,1320.0,1320.0
Bauxite_mining,Bauxite,BRA,3,1320.0,1320.0,1320.0,1320.0,1320.0
Bauxite_mining,Bauxite,BRA,4,1320.0,1320.0,1320.0,1320.0,1320.0
Bauxite_mining,Bauxite,BRA,5,1320.0,1320.0,1320.0,1320.0,1320.0
Bauxite_mining,Bauxite,BRA,6,1320.0,1320.0,1320.0,1320.0,1320.0
Bauxite_mining,Bauxite,BRA,7,1320.0,1320.0,1320.0,1320.0,1320.0
Bauxite_mining,Bauxite,BRA,8,1320.0,1320.0,1320.0,1320.0,1320.0
Bauxite_mining,Bauxite,BRA,9,1320.0,1320.0,1320.0,1320.0,1320.0
Bauxite_mining,Bauxite,BRA,10,1320.0,1320.0,1320.0,1320.0,1320.0
Bauxite_mining,Bauxite,BRA,11,1320.0,1320.0,1320.0,1320.0,1320.0
Bauxite_mining,Bauxite,BRA,12,1320.0,1320.0,1320.0,1320.0,1320.0
Bauxite_mining,Bauxite,BRA,13,1320.0,1320.0,1320.0,1320.0,1320.0
Bauxite_mining,Bauxite,CHN,0,3600.0,3600.0,3600.0,3600.0,3600.0
Bauxite_mining,Bauxite,CHN,1,3600.0,3600.0,3600.0,3600.0,3600.0
Bauxite_mining,Bauxite,CHN,2,3600.0,3600.0,3600.0,3600.0,3600.0
Bauxite_mining,Bauxite,CHN,3,3600.0,3600.0,3600.0,3600.0,3600.0
Bauxite_mining,Bauxite,CHN,4,3600.0,3600.0,3600.0,3600.0,3600.0
Bauxite_mining,Bauxite,CHN,5,3600.0,3600.0,3600.0,3600.0,3600.0
Bauxite_mining,Bauxite,CHN,6,3600.0,3600.0,3600.0,3600.0,3600.0
Bauxite_mining,Bauxite,CHN,7,3600.0,3600.0,3600.0,3600.0,3600.0
Bauxite_mining,Bauxite,CHN,8,3600.0,3600.0,3600.0,3600.0,3600.0
Bauxite_mining,Bauxite,CHN,9,3600.0,3600.0,3600.0,3600.0,3600.0
Bauxite_mining,Bauxite,CHN,10,3600.0,3600.0,3600.0,3600.0,3600.0
Bauxite_mining,Bauxite,CHN,11,3600.0,3600.0,3600.0,3600.0,3600.0
Bauxite_mining,Bauxite,CHN,12,3600.0,3600.0,3600.0,3600.0,3600.0
Bauxite_mining,Bauxite,CHN,13,3600.0,3600.0,3600.0,3600.0,3600.0
Bauxite_mining,Bauxite,CZE,0,0.0,0.0,0.0,0.0,0.0
Bauxite_mining,Bauxite,CZE,1,0.0,0.0,0.0,0.0,0.0
Bauxite_mining,Bauxite,CZE,2,0.0,0.0,0.0,0.0,0.0
Bauxite_mining,Bauxite,CZE,3,0.0,0.0,0.0,0.0,0.0
Bauxite_mining,Bauxite,CZE,4,0.0,0.0,0.0,0.0,0.0
Bauxite_mining,Bauxite,CZE,5,0.0,0.0,0.0,0.0,0.0
Bauxite_mining,Bauxite,CZE,6,0.0,0.0,0.0,0.0,0.0
Bauxite_mining,Bauxite,CZE,7,0.0,0.0,0.0,0.0,0.0
Bauxite_mining,Bauxite,CZE,8,0.0,0.0,0.0,0.0,0.0
Bauxite_mining,Bauxite,CZE,9,0.0,0.0,0.0,0.0,0.0
Bauxite_mining,Bauxite,CZE,10,0.0,0.0,0.0,0.0,0.0
Bauxite_mining,Bauxite,CZE,11,0.0,0.0,0.0,0.0,0.0
Bauxite_mining,Bauxite,CZE,12,0.0,0.0,0.0,0.0,0.0
Bauxite_mining,Bauxite,CZE,13,0.0,0.0,0.0,0.0,0.0
Bauxite_mining,Bauxite,DEU,0,0.0,0.0,0.0,0.0,0.0
Bauxite_mining,Bauxite,DEU,1,0.0,0.0,0.0,0.0,0.0
Bauxite_mining,Bauxite,DEU,2,0.0,0.0,0.0,0.0,0.0
Bauxite_mining,Bauxite,DEU,3,0.0,0.0,0.0,0.0,0.0
Bauxite_mining,Bauxite,DEU,4,0.0,0.0,0.0,0.0,0.0
Bauxite_mining,Bauxite,DEU,5,0.0,0.0,0.0,0.0,0.0
Bauxite_mining,Bauxite,DEU,6,0.0,0.0,0.0,0.0,0.0
Bauxite_mining,Bauxite,DEU,7,0.0,0.0,0.0,0.0,0.0
Bauxite_mining,Bauxite,DEU,8,0.0,0.0,0.0,0.0,0.0
Bauxite_mining,Bauxite,DEU,9,0.0,0.0,0.0,0.0,0.0
Bauxite_mining,Bauxite,DEU,10,0.0,0.0,0.0,0.0,0.0
Bauxite_mining,Bauxite,DEU,11,0.0,0.0,0.0,0.0,0.0
Bauxite_mining,Bauxite,DEU,12,0.0,0.0,0.0,0.0,0.0
Bauxite_mining,Bauxite,DEU,13,0.0,0.0,0.0,0.0,0.0
Bauxite_mining,Bauxite,ITA,0,0.0,0.0,0.0,0.0,0.0
Bauxite_mining,Bauxite,ITA,1,0.0,0.0,0.0,0.0,0.0
Bauxite_mining,Bauxite,ITA,2,0.0,0.0,0.0,0.0,0.0
Bauxite_mining,Bauxite,ITA,3,0.0,0.0,0.0,0.0,0.0
Bauxite_mining,Bauxite,ITA,4,0.0,0.0,0.0,0.0,0.0
Bauxite_mining,Bauxite,ITA,5,0.0,0.0,0.0,0.0,0.0
Bauxite_mining,Bauxite,ITA,6,0.0,0.0,0.0,0.0,0.0
Bauxite_mining,Bauxite,ITA,7,0.0,0.0,0.0,0.0,0.0
Bauxite_mining,Bauxite,ITA,8,0.0,0.0,0.0,0.0,0.0
Bauxite_mining,Bauxite,ITA,9,0.0,0.0,0.0,0.0,0.0
Bauxite_mining,Bauxite,ITA,10,0.0,0.0,0.0,0.0,0.0
Bauxite_mining,Bauxite,ITA,11,0.0,0.0,0.0,0.0,0.0
Bauxite_mining,Bauxite,ITA,12,0.0,0.0,0.0,0.0,0.0
Bauxite_mining,Bauxite,ITA,13,0.0,0.0,0.0,0.0,0.0
Bauxite_mining,Bauxite,JPN,0,0.0,0.0,0.0,0.0,0.0
Bauxite_mining,Bauxite,JPN,1,0.0,0.0,0.0,0.0,0.0
Bauxite_mining,Bauxite,JPN,2,0.0,0.0,0.0,0.0,0.0
Bauxite_mining,Bauxite,JPN,3,0.0,0.0,0.0,0.0,0.0
Bauxite_mining,Bauxite,JPN,4,0.0,0.0,0.0,0.0,0.0
Bauxite_mining,Bauxite,JPN,5,0.0,0.0,0.0,0.0,0.0
Bauxite_mining,Bauxite,JPN,6,0.0,0.0,0.0,0.0,0.0
Bauxite_mining,Bauxite,JPN,7,0.0,0.0,0.0,0.0,0.0
Bauxite_mining,Bauxite,JPN,8,0.0,0.0,0.0,0.0,0.0
Bauxite_mining,Bauxite,JPN,9,0.0,0.0,0.0,0.0,0.0
Bauxite_mining,Bauxite,JPN,10,0.0,0.0,0.0,0.0,0.0
Bauxite_mining,Bauxite,JPN,11,0.0,0.0,0.0,0.0,0.0
Bauxite_mining,Bauxite,JPN,12,0.0,0.0,0.0,0.0,0.0
Bauxite_mining,Bauxite,JPN,13,0.0,0.0,0.0,0.0,0.0
Bauxite_mining,Bauxite,KOR,0,0.0,0.0,0.0,0.0,0.0
Bauxite_mining,Bauxite,KOR,1,0.0,0.0,0.0,0.0,0.0
Bauxite_mining,Bauxite,KOR,2,0.0,0.0,0.0,0.0,0.0
Bauxite_mining,Bauxite,KOR,3,0.0,0.0,0.0,0.0,0.0
Bauxite_mining,Bauxite,KOR,4,0.0,0.0,0.0,0.0,0.0
Bauxite_mining,Bauxite,KOR,5,0.0,0.0,0.0,0.0,0.0
Bauxite_mining,Bauxite,KOR,6,0.0,0.0,0.0,0.0,0.0
Bauxite_mining,Bauxite,KOR,7,0.0,0.0,0.0,0.0,0.0
Bauxite_mining,Bauxite,KOR,8,0.0,0.0,0.0,0.0,0.0
Bauxite_mining,Bauxite,KOR,9,0.0,0.0,0.0,0.0,0.0
Bauxite_mining,Bauxite,KOR,10,0.0,0.0,0.0,0.0,0.0
Bauxite_mining,Bauxite,KOR,11,0.0,0.0,0.0,0.0,0.0
Bauxite_mining,Bauxite,KOR,12,0.0,0.0,0.0,0.0,0.0
Bauxite_mining,Bauxite,KOR,13,0.0,0.0,0.0,0.0,0.0
Bauxite_mining,Bauxite,ROE,0,531.32,531.32,531.32,531.32,531.32
Bauxite_mining,Bauxite,ROE,1,531.32,531.32,531.32,531.32,531.32
Bauxite_mining,Bauxite,ROE,2,531.32,531.32,531.32,531.32,531.32
Bauxite_mining,Bauxite,ROE,3,531.32,531.32,531.32,531.32,531.32
Bauxite_mining,Bauxite,ROE,4,531.32,531.32,531.32,531.32,531.32
Bauxite_mining,Bauxite,ROE,5,531.32,531.32,531.32,531.32,531.32
Bauxite_mining,Bauxite,ROE,6,531.32,531.32,531.32,531.32,531.32
Bauxite_mining,Bauxite,ROE,7,531.32,531.32,531.32,531.32,531.32
Bauxite_mining,Bauxite,ROE,8,531.32,531.32,531.32,531.32,531.32
Bauxite_mining,Bauxite,ROE,9,531.32,531.32,531.32,531.32,531.32
Bauxite_mining,Bauxite,ROE,10,531.32,531.32,531.32,531.32,531.32
Bauxite_mining,Bauxite,ROE,11,531.32,531.32,531.32,531.32,531.32
Bauxite_mining,Bauxite,ROE,12,531.32,531.32,531.32,531.32,531.32
Bauxite_mining,Bauxite,ROE,13,531.32,531.32,531.32,531.32,531.32
Bauxite_mining,Bauxite,ROW,0,5744.839999995905,5744.839999995905,5744.839999995905,5744.839999995905,5744.839999995905
Bauxite_mining,Bauxite,ROW,1,5744.839999995905,5744.839999995905,5744.839999995905,5744.839999995905,5744.839999995905
Bauxite_mining,Bauxite,ROW,2,5744.839999995905,5744.839999995905,5744.839999995905,5744.839999995905,5744.839999995905
Bauxite_mining,Bauxite,ROW,3,5744.839999995905,5744.839999995905,5744.839999995905,5744.839999995905,5744.839999995905
Bauxite_mining,Bauxite,ROW,4,5744.839999995905,5744.839999995905,5744.839999995905,5744.839999995905,5744.839999995905
Bauxite_mining,Bauxite,ROW,5,5744.839999995905,5744.839999995905,5744.839999995905,5744.839999995905,5744.839999995905
Bauxite_mining,Bauxite,ROW,6,5744.839999995905,5744.839999995905,5744.839999995905,5744.839999995905,5744.839999995905
Bauxite_mining,Bauxite,ROW,7,5744.839999995905,5744.839999995905,5744.839999995905,5744.839999995905,5744.839999995905
Bauxite_mining,Bauxite,ROW,8,5744.839999995905,5744.839999995905,5744.839999995905,5744.839999995905,5744.839999995905
Bauxite_mining,Bauxite,ROW,9,5744.839999995905,5744.839999995905,5744.839999995905,5744.839999995905,5744.839999995905
Bauxite_mining,Bauxite,ROW,10,5744.839999995905,5744.839999995905,5744.839999995905,5744.839999995905,5744.839999995905
Bauxite_mining,Bauxite,ROW,11,5744.839999995905,5744.839999995905,5744.839999995905,5744.839999995905,5744.839999995905
Bauxite_mining,Bauxite,ROW,12,5744.839999995905,5744.839999995905,5744.839999995905,5744.839999995905,5744.839999995905
Bauxite_mining,Bauxite,ROW,13,5744.839999995905,5744.839999995905,5744.839999995905,5744.839999995905,5744.839999995905
Bauxite_mining,Bauxite,USA,0,3.84,3.84,3.84,3.84,3.84
Bauxite_mining,Bauxite,USA,1,3.84,3.84,3.84,3.84,3.84
Bauxite_mining,Bauxite,USA,2,3.84,3.84,3.84,3.84,3.84
Bauxite_mining,Bauxite,USA,3,3.84,3.84,3.84,3.84,3.84
Bauxite_mining,Bauxite,USA,4,3.84,3.84,3.84,3.84,3.84
Bauxite_mining,Bauxite,USA,5,3.84,3.84,3.84,3.84,3.84
Bauxite_mining,Bauxite,USA,6,3.84,3.84,3.84,3.84,3.84
Bauxite_mining,Bauxite,USA,7,3.84,3.84,3.84,3.84,3.84
Bauxite_mining,Bauxite,USA,8,3.84,3.84,3.84,3.84,3.84
Bauxite_mining,Bauxite,USA,9,3.84,3.84,3.84,3.84,3.84
Bauxite_mining,Bauxite,USA,10,3.84,3.84,3.84,3.84,3.84
Bauxite_mining,Bauxite,USA,11,3.84,3.84,3.84,3.84,3.84
Bauxite_mining,Bauxite,USA,12,3.84,3.84,3.84,3.84,3.84
Bauxite_mining,Bauxite,USA,13,3.84,3.84,3.84,3.84,3.84
Compressor_manufacturing,Compressor,AUS,0,1.3,1.3,1.3,1.3,1.3
Compressor_manufacturing,Compressor,AUS,1,1.3,1.3,1.3,1.3,1.3
Compressor_manufacturing,Compressor,AUS,2,1.3,1.3,1.3,1.3,1.3
Compressor_manufacturing,Compressor,AUS,3,1.3,1.3,1.3,1.3,1.3
Compressor_manufacturing,Compressor,AUS,4,1.3,1.3,1.3,1.3,1.3
Compressor_manufacturing,Compressor,AUS,5,1.3,1.3,1.3,1.3,1.3
Compressor_manufacturing,Compressor,AUS,6,1.3,1.3,1.3,1.3,1.3
Compressor_manufacturing,Compressor,AUS,7,1.3,1.3,1.3,1.3,1.3
Compressor_manufacturing,Compressor,AUS,8,1.3,1.3,1.3,1.3,1.3
Compressor_manufacturing,Compressor,AUS,9,1.3,1.3,1.3,1.3,1.3
Compressor_manufacturing,Compressor,AUS,10,0.0,1.3,1.3,1.3,0.0
Compressor_manufacturing,Compressor,AUS,11,0.0,2.45,1.3,1.3,0.0
Compressor_manufacturing,Compressor,AUS,12,0.0,2.59,1.3,1.3,0.0
Compressor_manufacturing,Compressor,AUS,13,2.74,2.74,2.74,2.74,2.74
Compressor_manufacturing,Compressor,AUT,0,0.0,0.0,0.0,0.0,0.0
Compressor_manufacturing,Compressor,AUT,1,0.0,0.0,0.0,0.0,0.0
Compressor_manufacturing,Compressor,AUT,2,0.0,0.0,0.0,0.0,0.0
Compressor_manufacturing,Compressor,AUT,3,0.0,0.0,0.0,0.0,0.0
Compressor_manufacturing,Compressor,AUT,4,0.0,0.0,0.0,0.0,0.0
Compressor_manufacturing,Compressor,AUT,5,0.0,0.0,0.0,0.0,0.0
Compressor_manufacturing,Compressor,AUT,6,0.0,0.0,0.0,0.0,0.0
Compressor_manufacturing,Compressor,AUT,7,0.0,0.0,0.0,0.0,0.0
Compressor_manufacturing,Compressor,AUT,8,0.0,0.0,0.0,0.0,0.0
Compressor_manufacturing,Compressor,AUT,9,0.0,0.0,0.0,0.0,0.0
Compressor_manufacturing,Compressor,AUT,10,0.0,0.0,0.0,0.0,0.0
Compressor_manufacturing,Compressor,AUT,11,0.0,0.0,0.0,0.0,0.0
Compressor_manufacturing,Compressor,AUT,12,0.0,0.0,0.0,0.0,0.0
Compressor_manufacturing,Compressor,AUT,13,0.0,0.0,0.0,0.0,0.0
Compressor_manufacturing,Compressor,BRA,0,15.2,15.2,15.2,15.2,15.2
Compressor_manufacturing,Compressor,BRA,1,15.2,15.2,15.2,15.2,15.2
Compressor_manufacturing,Compressor,BRA,2,15.2,15.2,15.2,15.2,15.2
Compressor_manufacturing,Compressor,BRA,3,15.2,15.2,15.2,15.2,15.2
Compressor_manufacturing,Compressor,BRA,4,15.2,15.2,15.2,15.2,15.2
Compressor_manufacturing,Compressor,BRA,5,15.2,15.2,15.2,15.2,15.2
Compressor_manufacturing,Compressor,BRA,6,15.2,15.2,15.2,15.2,15.2
Compressor_manufacturing,Compressor,BRA,7,15.2,15.2,15.2,15.2,15.2
Compressor_manufacturing,Compressor,BRA,8,15.2,15.2,15.2,15.2,15.2
Compressor_manufacturing,Compressor,BRA,9,15.2,15.2,15.2,15.2,15.2
Compressor_manufacturing,Compressor,BRA,10,15.2,15.2,15.2,15.2,15.2
Compressor_manufacturing,Compressor,BRA,11,15.2,15.2,15.2,15.2,15.2
Compressor_manufacturing,Compressor,BRA,12,15.2,15.2,15.2,15.2,15.2
Compressor_manufacturing,Compressor,BRA,13,15.2,15.2,15.2,15.2,15.2
Compressor_manufacturing,Compressor,CHN,0,53.4,53.4,53.4,53.4,53.4
Compressor_manufacturing,Compressor,CHN,1,53.4,53.4,53.4,53.4,53.4
Compressor_manufacturing,Compressor,CHN,2,53.4,53.4,53.4,53.4,53.4
Compressor_manufacturing,Compressor,CHN,3,53.4,53.4,53.4,53.4,53.4
Compressor_manufacturing,Compressor,CHN,4,53.4,53.4,53.4,53.4,53.4
Compressor_manufacturing,Compressor,CHN,5,53.4,53.4,53.4,53.4,53.4
Compressor_manufacturing,Compressor,CHN,6,53.4,53.4,53.4,53.4,53.4
Compressor_manufacturing,Compressor,CHN,7,53.4,53.4,53.4,53.4,53.4
Compressor_manufacturing,Compressor,CHN,8,64.16039499999997,60.60905000000001,53.4,53.4,64.16039499999997
Compressor_manufacturing,Compressor,CHN,9,64.16039499999997,73.59273200032003,53.4,53.4,64.16039499999997
Compressor_manufacturing,Compressor,CHN,10,0.0,99.93680300031998,53.4,53.4,0.0
Compressor_manufacturing,Compressor,CHN,11,0.0,121.97,53.4,53.4,0.0
Compressor_manufacturing,Compressor,CHN,12,0.0,131.48,53.4,53.4,0.0
Compressor_manufacturing,Compressor,CHN,13,0.0,131.48,93.4,53.4,0.0
Compressor_manufacturing,Compressor,CZE,0,1.92,1.92,1.92,1.92,1.92
Compressor_manufacturing,Compressor,CZE,1,1.92,1.92,1.92,1.92,1.92
Compressor_manufacturing,Compressor,CZE,2,1.92,1.92,1.92,1.92,1.92
Compressor_manufacturing,Compressor,CZE,3,1.92,1.92,1.92,1.92,1.92
Compressor_manufacturing,Compressor,CZE,4,1.92,1.92,1.92,1.92,1.92
Compressor_manufacturing,Compressor,CZE,5,1.92,1.92,1.92,1.92,1.92
Compressor_manufacturing,Compressor,CZE,6,1.92,1.92,1.92,1.92,1.92
Compressor_manufacturing,Compressor,CZE,7,1.92,1.92,1.92,1.92,1.92
Compressor_manufacturing,Compressor,CZE,8,1.92,1.92,1.92,1.92,1.92
Compressor_manufacturing,Compressor,CZE,9,1.92,1.92,1.92,1.92,1.92
Compressor_manufacturing,Compressor,CZE,10,0.0,1.92,1.92,1.92,0.0
Compressor_manufacturing,Compressor,CZE,11,0.0,1.92,1.92,1.92,0.0
Compressor_manufacturing,Compressor,CZE,12,0.0,1.92,1.92,1.92,0.0
Compressor_manufacturing,Compressor,CZE,13,15.78,15.78,15.780000000000003,15.78,15.78
Compressor_manufacturing,Compressor,DEU,0,5.73,5.73,5.73,5.73,5.73
Compressor_manufacturing,Compressor,DEU,1,5.73,5.73,5.73,5.73,5.73
Compressor_manufacturing,Compressor,DEU,2,5.73,5.73,5.73,5.73,5.73
Compressor_manufacturing,Compressor,DEU,3,5.73,5.73,5.73,5.73,5.73
Compressor_manufacturing,Compressor,DEU,4,5.73,5.73,5.73,5.73,5.73
Compressor_manufacturing,Compressor,DEU,5,5.73,5.73,5.73,5.73,5.73
Compressor_manufacturing,Compressor,DEU,6,5.73,5.73,5.73,5.73,5.73
Compressor_manufacturing,Compressor,DEU,7,5.73,5.73,5.73,5.73,5.73
Compressor_manufacturing,Compressor,DEU,8,20.97,5.73,5.73,5.73,20.97
Compressor_manufacturing,Compressor,DEU,9,20.97,5.73,5.73,5.73,20.97
Compressor_manufacturing,Compressor,DEU,10,0.0,5.73,5.73,29.0,0.0
Compressor_manufacturing,Compressor,DEU,11,0.0,5.73,5.73,29.0,0.0
Compressor_manufacturing,Compressor,DEU,12,0.0,5.73,5.73,31.791101000000005,0.0
Compressor_manufacturing,Compressor,DEU,13,0.0,5.72999999999999,5.729999999999997,47.17,0.0
Compressor_manufacturing,Compressor,ITA,0,0.0,1.18,0.0,0.0,0.0
Compressor_manufacturing,Compressor,ITA,1,1.18,1.18,1.18,1.18,1.18
Compressor_manufacturing,Compressor,ITA,2,1.18,1.18,1.18,1.18,1.18
Compressor_manufacturing,Compressor,ITA,3,1.18,1.18,1.18,1.18,1.18
Compressor_manufacturing,Compressor,ITA,4,1.18,1.18,1.18,1.18,1.18
Compressor_manufacturing,Compressor,ITA,5,1.18,1.18,1.18,1.18,1.18
Compressor_manufacturing,Compressor,ITA,6,1.18,1.18,1.18,1.18,1.18
Compressor_manufacturing,Compressor,ITA,7,1.18,1.18,1.18,1.18,1.18
Compressor_manufacturing,Compressor,ITA,8,1.1799999999999988,1.18,1.18,1.18,1.1799999999999988
Compressor_manufacturing,Compressor,ITA,9,1.1799999999999988,1.18,1.18,1.18,1.1799999999999988
Compressor_manufacturing,Compressor,ITA,10,0.0,1.18,1.18,1.18,0.0
Compressor_manufacturing,Compressor,ITA,11,0.0,1.179999999999998,1.1799999999999988,1.1799999999999988,0.0
Compressor_manufacturing,Compressor,ITA,12,0.0,1.179999999999998,1.179999999999998,1.179999999999998,0.0
Compressor_manufacturing,Compressor,ITA,13,9.74,9.74,9.74,9.74,9.74
Compressor_manufacturing,Compressor,JPN,0,32.8,32.8,32.8,32.8,32.8
Compressor_manufacturing,Compressor,JPN,1,32.8,32.8,32.8,32.8,32.8
Compressor_manufacturing,Compressor,JPN,2,32.8,32.8,32.8,32.8,32.8
Compressor_manufacturing,Compressor,JPN,3,32.8,32.8,32.8,32.8,32.8
Compressor_manufacturing,Compressor,JPN,4,32.8,32.8,32.8,32.8,32.8
Compressor_manufacturing,Compressor,JPN,5,32.8,32.8,32.8,32.8,32.8
Compressor_manufacturing,Compressor,JPN,6,32.8,32.8,32.8,32.8,32.8
Compressor_manufacturing,Compressor,JPN,7,32.8,32.8,32.8,32.8,32.8
Compressor_manufacturing,Compressor,JPN,8,32.8,32.8,32.8,32.8,32.8
Compressor_manufacturing,Compressor,JPN,9,32.8,32.8,32.8,32.8,32.8
Compressor_manufacturing,Compressor,JPN,10,32.8,32.8,32.8,32.8,32.8
Compressor_manufacturing,Compressor,JPN,11,32.8,32.8,32.8,32.8,32.8
Compressor_manufacturing,Compressor,JPN,12,32.8,32.8,32.8,32.8,32.8
Compressor_manufacturing,Compressor,JPN,13,32.8,32.8,32.8,32.8,32.8
Compressor_manufacturing,Compressor,KOR,0,44.0,44.0,44.0,44.0,44.0
Compressor_manufacturing,Compressor,KOR,1,44.0,44.0,44.0,44.0,44.0
Compressor_manufacturing,Compressor,KOR,2,44.0,44.0,44.0,44.0,44.0
Compressor_manufacturing,Compressor,KOR,3,44.0,44.0,44.0,44.0,44.0
Compressor_manufacturing,Compressor,KOR,4,44.0,44.0,44.0,44.0,44.0
Compressor_manufacturing,Compressor,KOR,5,44.0,44.0,44.0,44.0,44.0
Compressor_manufacturing,Compressor,KOR,6,44.0,44.0,44.0,44.0,44.0
Compressor_manufacturing,Compressor,KOR,7,44.0,44.0,44.0,44.0,44.0
Compressor_manufacturing,Compressor,KOR,8,44.0,44.0,44.0,44.0,44.0
Compressor_manufacturing,Compressor,KOR,9,44.0,44.0,44.0,44.0,44.0
Compressor_manufacturing,Compressor,KOR,10,44.0,44.0,44.0,44.0,44.0
Compressor_manufacturing,Compressor,KOR,11,44.0,44.0,44.0,44.0,44.0
Compressor_manufacturing,Compressor,KOR,12,44.0,44.0,44.0,44.0,44.0
Compressor_manufacturing,Compressor,KOR,13,44.0,44.0,44.0,44.0,44.0
Compressor_manufacturing,Compressor,ROE,0,0.0,18.65,0.0,0.0,0.0
Compressor_manufacturing,Compressor,ROE,1,18.65,18.65,18.65,18.65,18.65
Compressor_manufacturing,Compressor,ROE,2,18.65,18.65,18.65,18.65,18.65
Compressor_manufacturing,Compressor,ROE,3,18.65,18.65,18.65,18.65,18.65
Compressor_manufacturing,Compressor,ROE,4,18.65,18.65,18.65,18.65,18.65
Compressor_manufacturing,Compressor,ROE,5,18.65,18.65,18.65,18.65,18.65
Compressor_manufacturing,Compressor,ROE,6,18.65,18.65,18.65,18.65,18.65
Compressor_manufacturing,Compressor,ROE,7,18.65,18.65,18.65,18.65,18.65
Compressor_manufacturing,Compressor,ROE,8,18.65,18.65,25.859049999999915,18.65,18.65
Compressor_manufacturing,Compressor,ROE,9,18.65,18.65,54.36000000000001,18.65,18.65
Compressor_manufacturing,Compressor,ROE,10,0.0,18.65,94.36,18.65,0.0
Compressor_manufacturing,Compressor,ROE,11,0.0,18.65,94.36,18.65,0.0
Compressor_manufacturing,Compressor,ROE,12,0.0,42.163437999999985,99.36110099967999,18.65,0.0
Compressor_manufacturing,Compressor,ROE,13,0.0,42.163437999999985,99.36110099967999,18.65,0.0
Compressor_manufacturing,Compressor,ROW,0,34.72,34.72,34.72,34.72,34.72
Compressor_manufacturing,Compressor,ROW,1,34.72,34.72,34.72,34.72,34.72
Compressor_manufacturing,Compressor,ROW,2,34.72,34.72,34.72,34.72,34.72
Compressor_manufacturing,Compressor,ROW,3,34.72,34.72,34.72,34.72,34.72
Compressor_manufacturing,Compressor,ROW,4,34.72,34.72,34.72,34.72,34.72
Compressor_manufacturing,Compressor,ROW,5,34.72,34.72,34.72,34.72,34.72
Compressor_manufacturing,Compressor,ROW,6,34.72,34.72,34.72,34.72,34.72
Compressor_manufacturing,Compressor,ROW,7,34.72,34.72,34.72,34.72,34.72
Compressor_manufacturing,Compressor,ROW,8,34.72,34.72,34.72,65.18039499999995,34.72
Compressor_manufacturing,Compressor,ROW,9,34.72,44.987662999679955,34.72,65.18039499999995,34.72
Compressor_manufacturing,Compressor,ROW,10,0.0,44.987662999679955,34.72,68.25446600000002,0.0
Compressor_manufacturing,Compressor,ROW,11,0.0,44.987662999679955,74.72,98.15766300000003,0.0
Compressor_manufacturing,Compressor,ROW,12,0.0,44.987662999679955,74.72,121.81,0.0
Compressor_manufacturing,Compressor,ROW,13,0.0,60.25952099904012,74.72,121.81,0.0
Compressor_manufacturing,Compressor,USA,0,8.0,8.0,8.0,8.0,8.0
Compressor_manufacturing,Compressor,USA,1,8.0,8.0,8.0,8.0,8.0
Compressor_manufacturing,Compressor,USA,2,8.0,8.0,8.0,8.0,8.0
Compressor_manufacturing,Compressor,USA,3,8.0,8.0,8.0,8.0,8.0
Compressor_manufacturing,Compressor,USA,4,8.0,8.0,8.0,8.0,8.0
Compressor_manufacturing,Compressor,USA,5,8.0,8.0,8.0,8.0,8.0
Compressor_manufacturing,Compressor,USA,6,8.0,8.0,8.0,8.0,8.0
Compressor_manufacturing,Compressor,USA,7,8.0,8.0,8.0,8.0,8.0
Compressor_manufacturing,Compressor,USA,8,12.46,8.0,8.0,8.0,12.46
Compressor_manufacturing,Compressor,USA,9,12.46,8.0,8.0,8.0,12.46
Compressor_manufacturing,Compressor,USA,10,0.0,8.0,8.0,8.0,0.0
Compressor_manufacturing,Compressor,USA,11,0.0,14.72,8.0,8.0,0.0
Compressor_manufacturing,Compressor,USA,12,0.0,15.56,8.0,15.56,0.0
Compressor_manufacturing,Compressor,USA,13,16.45,16.45,16.45,16.45,16.45
Copper_mining,Copper_ore,AUS,0,76.0,76.0,76.0,76.0,76.0
Copper_mining,Copper_ore,AUS,1,76.0,76.0,76.0,76.0,76.0
Copper_mining,Copper_ore,AUS,2,76.0,76.0,76.0,76.0,76.0
Copper_mining,Copper_ore,AUS,3,76.0,76.0,76.0,76.0,76.0
Copper_mining,Copper_ore,AUS,4,76.0,76.0,76.0,76.0,76.0
Copper_mining,Copper_ore,AUS,5,76.0,76.0,76.0,76.0,76.0
Copper_mining,Copper_ore,AUS,6,76.0,76.0,76.0,76.0,76.0
Copper_mining,Copper_ore,AUS,7,76.0,76.0,76.0,76.0,76.0
Copper_mining,Copper_ore,AUS,8,76.0,76.0,76.0,76.0,76.0
Copper_mining,Copper_ore,AUS,9,76.0,76.0,76.0,76.0,76.0
Copper_mining,Copper_ore,AUS,10,76.0,76.0,76.0,76.0,76.0
Copper_mining,Copper_ore,AUS,11,76.0,76.0,76.0,76.0,76.0
Copper_mining,Copper_ore,AUS,12,76.0,76.0,76.0,76.0,76.0
Copper_mining,Copper_ore,AUS,13,76.0,76.0,76.0,76.0,76.0
Copper_mining,Copper_ore,AUT,0,0.0,0.0,0.0,0.0,0.0
Copper_mining,Copper_ore,AUT,1,0.0,0.0,0.0,0.0,0.0
Copper_mining,Copper_ore,AUT,2,0.0,0.0,0.0,0.0,0.0
Copper_mining,Copper_ore,AUT,3,0.0,0.0,0.0,0.0,0.0
Copper_mining,Copper_ore,AUT,4,0.0,0.0,0.0,0.0,0.0
Copper_mining,Copper_ore,AUT,5,0.0,0.0,0.0,0.0,0.0
Copper_mining,Copper_ore,AUT,6,0.0,0.0,0.0,0.0,0.0
Copper_mining,Copper_ore,AUT,7,0.0,0.0,0.0,0.0,0.0
Copper_mining,Copper_ore,AUT,8,0.0,0.0,0.0,0.0,0.0
Copper_mining,Copper_ore,AUT,9,0.0,0.0,0.0,0.0,0.0
Copper_mining,Copper_ore,AUT,10,0.0,0.0,0.0,0.0,0.0
Copper_mining,Copper_ore,AUT,11,0.0,0.0,0.0,0.0,0.0
Copper_mining,Copper_ore,AUT,12,0.0,0.0,0.0,0.0,0.0
Copper_mining,Copper_ore,AUT,13,0.0,0.0,0.0,0.0,0.0
Copper_mining,Copper_ore,BRA,0,0.0,0.0,0.0,0.0,0.0
Copper_mining,Copper_ore,BRA,1,0.0,0.0,0.0,0.0,0.0
Copper_mining,Copper_ore,BRA,2,0.0,0.0,0.0,0.0,0.0
Copper_mining,Copper_ore,BRA,3,0.0,0.0,0.0,0.0,0.0
Copper_mining,Copper_ore,BRA,4,0.0,0.0,0.0,0.0,0.0
Copper_mining,Copper_ore,BRA,5,0.0,0.0,0.0,0.0,0.0
Copper_mining,Copper_ore,BRA,6,0.0,0.0,0.0,0.0,0.0
Copper_mining,Copper_ore,BRA,7,0.0,0.0,0.0,0.0,0.0
Copper_mining,Copper_ore,BRA,8,0.0,0.0,0.0,0.0,0.0
Copper_mining,Copper_ore,BRA,9,0.0,0.0,0.0,0.0,0.0
Copper_mining,Copper_ore,BRA,10,0.0,0.0,0.0,0.0,0.0
Copper_mining,Copper_ore,BRA,11,0.0,0.0,0.0,0.0,0.0
Copper_mining,Copper_ore,BRA,12,0.0,0.0,0.0,0.0,0.0
Copper_mining,Copper_ore,BRA,13,0.0,0.0,0.0,0.0,0.0
Copper_mining,Copper_ore,CHN,0,380.0,380.0,380.0,380.0,380.0
Copper_mining,Copper_ore,CHN,1,380.0,380.0,380.0,380.0,380.0
Copper_mining,Copper_ore,CHN,2,380.0,380.0,380.0,380.0,380.0
Copper_mining,Copper_ore,CHN,3,380.0,380.0,380.0,380.0,380.0
Copper_mining,Copper_ore,CHN,4,380.0,380.0,380.0,380.0,380.0
Copper_mining,Copper_ore,CHN,5,380.0,380.0,380.0,380.0,380.0
Copper_mining,Copper_ore,CHN,6,380.0,380.0,380.0,380.0,380.0
Copper_mining,Copper_ore,CHN,7,380.0,380.0,380.0,380.0,380.0
Copper_mining,Copper_ore,CHN,8,380.0,380.0,380.0,380.0,380.0
Copper_mining,Copper_ore,CHN,9,380.0,380.0,380.0,380.0,380.0
Copper_mining,Copper_ore,CHN,10,380.0,380.0,380.0,380.0,380.0
Copper_mining,Copper_ore,CHN,11,380.0,380.0,380.0,380.0,380.0
Copper_mining,Copper_ore,CHN,12,380.0,380.0,380.0,380.0,380.0
Copper_mining,Copper_ore,CHN,13,380.0,380.0,380.0,380.0,380.0
Copper_mining,Copper_ore,CZE,0,0.0,0.0,0.0,0.0,0.0
Copper_mining,Copper_ore,CZE,1,0.0,0.0,0.0,0.0,0.0
Copper_mining,Copper_ore,CZE,2,0.0,0.0,0.0,0.0,0.0
Copper_mining,Copper_ore,CZE,3,0.0,0.0,0.0,0.0,0.0
Copper_mining,Copper_ore,CZE,4,0.0,0.0,0.0,0.0,0.0
Copper_mining,Copper_ore,CZE,5,0.0,0.0,0.0,0.0,0.0
Copper_mining,Copper_ore,CZE,6,0.0,0.0,0.0,0.0,0.0
Copper_mining,Copper_ore,CZE,7,0.0,0.0,0.0,0.0,0.0
Copper_mining,Copper_ore,CZE,8,0.0,0.0,0.0,0.0,0.0
Copper_mining,Copper_ore,CZE,9,0.0,0.0,0.0,0.0,0.0
Copper_mining,Copper_ore,CZE,10,0.0,0.0,0.0,0.0,0.0
Copper_mining,Copper_ore,CZE,11,0.0,0.0,0.0,0.0,0.0
Copper_mining,Copper_ore,CZE,12,0.0,0.0,0.0,0.0,0.0
Copper_mining,Copper_ore,CZE,13,0.0,0.0,0.0,0.0,0.0
Copper_mining,Copper_ore,DEU,0,0.0,0.0,0.0,0.0,0.0
Copper_mining,Copper_ore,DEU,1,0.0,0.0,0.0,0.0,0.0
Copper_mining,Copper_ore,DEU,2,0.0,0.0,0.0,0.0,0.0
Copper_mining,Copper_ore,DEU,3,0.0,0.0,0.0,0.0,0.0
Copper_mining,Copper_ore,DEU,4,0.0,0.0,0.0,0.0,0.0
Copper_mining,Copper_ore,DEU,5,0.0,0.0,0.0,0.0,0.0
Copper_mining,Copper_ore,DEU,6,0.0,0.0,0.0,0.0,0.0
Copper_mining,Copper_ore,DEU,7,0.0,0.0,0.0,0.0,0.0
Copper_mining,Copper_ore,DEU,8,0.0,0.0,0.0,0.0,0.0
Copper_mining,Copper_ore,DEU,9,0.0,0.0,0.0,0.0,0.0
Copper_mining,Copper_ore,DEU,10,0.0,0.0,0.0,0.0,0.0
Copper_mining,Copper_ore,DEU,11,0.0,0.0,0.0,0.0,0.0
Copper_mining,Copper_ore,DEU,12,0.0,0.0,0.0,0.0,0.0
Copper_mining,Copper_ore,DEU,13,0.0,0.0,0.0,0.0,0.0
Copper_mining,Copper_ore,ITA,0,0.0,0.0,0.0,0.0,0.0
Copper_mining,Copper_ore,ITA,1,0.0,0.0,0.0,0.0,0.0
Copper_mining,Copper_ore,ITA,2,0.0,0.0,0.0,0.0,0.0
Copper_mining,Copper_ore,ITA,3,0.0,0.0,0.0,0.0,0.0
Copper_mining,Copper_ore,ITA,4,0.0,0.0,0.0,0.0,0.0
Copper_mining,Copper_ore,ITA,5,0.0,0.0,0.0,0.0,0.0
Copper_mining,Copper_ore,ITA,6,0.0,0.0,0.0,0.0,0.0
Copper_mining,Copper_ore,ITA,7,0.0,0.0,0.0,0.0,0.0
Copper_mining,Copper_ore,ITA,8,0.0,0.0,0.0,0.0,0.0
Copper_mining,Copper_ore,ITA,9,0.0,0.0,0.0,0.0,0.0
Copper_mining,Copper_ore,ITA,10,0.0,0.0,0.0,0.0,0.0
Copper_mining,Copper_ore,ITA,11,0.0,0.0,0.0,0.0,0.0
Copper_mining,Copper_ore,ITA,12,0.0,0.0,0.0,0.0,0.0
Copper_mining,Copper_ore,ITA,13,0.0,0.0,0.0,0.0,0.0
Copper_mining,Copper_ore,JPN,0,0.0,0.0,0.0,0.0,0.0
Copper_mining,Copper_ore,JPN,1,0.0,0.0,0.0,0.0,0.0
Copper_mining,Copper_ore,JPN,2,0.0,0.0,0.0,0.0,0.0
Copper_mining,Copper_ore,JPN,3,0.0,0.0,0.0,0.0,0.0
Copper_mining,Copper_ore,JPN,4,0.0,0.0,0.0,0.0,0.0
Copper_mining,Copper_ore,JPN,5,0.0,0.0,0.0,0.0,0.0
Copper_mining,Copper_ore,JPN,6,0.0,0.0,0.0,0.0,0.0
Copper_mining,Copper_ore,JPN,7,0.0,0.0,0.0,0.0,0.0
Copper_mining,Copper_ore,JPN,8,0.0,0.0,0.0,0.0,0.0
Copper_mining,Copper_ore,JPN,9,0.0,0.0,0.0,0.0,0.0
Copper_mining,Copper_ore,JPN,10,0.0,0.0,0.0,0.0,0.0
Copper_mining,Copper_ore,JPN,11,0.0,0.0,0.0,0.0,0.0
Copper_mining,Copper_ore,JPN,12,0.0,0.0,0.0,0.0,0.0
Copper_mining,Copper_ore,JPN,13,0.0,0.0,0.0,0.0,0.0
Copper_mining,Copper_ore,KOR,0,0.0,0.0,0.0,0.0,0.0
Copper_mining,Copper_ore,KOR,1,0.0,0.0,0.0,0.0,0.0
Copper_mining,Copper_ore,KOR,2,0.0,0.0,0.0,0.0,0.0
Copper_mining,Copper_ore,KOR,3,0.0,0.0,0.0,0.0,0.0
Copper_mining,Copper_ore,KOR,4,0.0,0.0,0.0,0.0,0.0
Copper_mining,Copper_ore,KOR,5,0.0,0.0,0.0,0.0,0.0
Copper_mining,Copper_ore,KOR,6,0.0,0.0,0.0,0.0,0.0
Copper_mining,Copper_ore,KOR,7,0.0,0.0,0.0,0.0,0.0
Copper_mining,Copper_ore,KOR,8,0.0,0.0,0.0,0.0,0.0
Copper_mining,Copper_ore,KOR,9,0.0,0.0,0.0,0.0,0.0
Copper_mining,Copper_ore,KOR,10,0.0,0.0,0.0,0.0,0.0
Copper_mining,Copper_ore,KOR,11,0.0,0.0,0.0,0.0,0.0
Copper_mining,Copper_ore,KOR,12,0.0,0.0,0.0,0.0,0.0
Copper_mining,Copper_ore,KOR,13,0.0,0.0,0.0,0.0,0.0
Copper_mining,Copper_ore,ROE,0,535.2,535.2,535.2,535.2,535.2
Copper_mining,Copper_ore,ROE,1,535.2,535.2,535.2,535.2,535.2
Copper_mining,Copper_ore,ROE,2,535.2,535.2,535.2,535.2,535.2
Copper_mining,Copper_ore,ROE,3,535.2,535.2,535.2,535.2,535.2
Copper_mining,Copper_ore,ROE,4,535.2,535.2,535.2,535.2,535.2
Copper_mining,Copper_ore,ROE,5,535.2,535.2,535.2,535.2,535.2
Copper_mining,Copper_ore,ROE,6,535.2,535.2,535.2,535.2,535.2
Copper_mining,Copper_ore,ROE,7,535.2,535.2,535.2,535.2,535.2
Copper_mining,Copper_ore,ROE,8,535.2,535.2,535.2,535.2,535.2
Copper_mining,Copper_ore,ROE,9,535.2,535.2,535.2,535.2,535.2
Copper_mining,Copper_ore,ROE,10,535.2,535.2,535.2,535.2,535.2
Copper_mining,Copper_ore,ROE,11,535.2,535.2,535.2,535.2,535.2
Copper_mining,Copper_ore,ROE,12,535.2,535.2,535.2,535.2,535.2
Copper_mining,Copper_ore,ROE,13,535.2,535.2,535.2,535.2,535.2
Copper_mining,Copper_ore,ROW,0,1655.7,1655.7,1655.7,1655.7,1655.7
Copper_mining,Copper_ore,ROW,1,1655.7,1655.7,1655.7,1655.7,1655.7
Copper_mining,Copper_ore,ROW,2,1655.7,1655.7,1655.7,1655.7,1655.7
Copper_mining,Copper_ore,ROW,3,1655.7,1655.7,1655.7,1655.7,1655.7
Copper_mining,Copper_ore,ROW,4,1655.7,1655.7,1655.7,1655.7,1655.7
Copper_mining,Copper_ore,ROW,5,1655.7,1655.7,1655.7,1655.7,1655.7
Copper_mining,Copper_ore,ROW,6,1655.7,1655.7,1655.7,1655.7,1655.7
Copper_mining,Copper_ore,ROW,7,1655.7,1655.7,1655.7,1655.7,1655.7
Copper_mining,Copper_ore,ROW,8,1655.7,1655.7,1655.7,1655.7,1655.7
Copper_mining,Copper_ore,ROW,9,1655.7,1655.7,1655.7,1655.7,1655.7
Copper_mining,Copper_ore,ROW,10,1655.7,1655.7,1655.7,1655.7,1655.7
Copper_mining,Copper_ore,ROW,11,1655.7,1655.7,1655.7,1655.7,1655.7
Copper_mining,Copper_ore,ROW,12,1655.7,1655.7,1655.7,1655.7,1655.7
Copper_mining,Copper_ore,ROW,13,1655.7,1655.7,1655.7,1655.7,1655.7
Copper_mining,Copper_ore,USA,0,200.0,200.0,200.0,200.0,200.0
Copper_mining,Copper_ore,USA,1,200.0,200.0,200.0,200.0,200.0
Copper_mining,Copper_ore,USA,2,200.0,200.0,200.0,200.0,200.0
Copper_mining,Copper_ore,USA,3,200.0,200.0,200.0,200.0,200.0
Copper_mining,Copper_ore,USA,4,200.0,200.0,200.0,200.0,200.0
Copper_mining,Copper_ore,USA,5,200.0,200.0,200.0,200.0,200.0
Copper_mining,Copper_ore,USA,6,200.0,200.0,200.0,200.0,200.0
Copper_mining,Copper_ore,USA,7,200.0,200.0,200.0,200.0,200.0
Copper_mining,Copper_ore,USA,8,200.0,200.0,200.0,200.0,200.0
Copper_mining,Copper_ore,USA,9,200.0,200.0,200.0,200.0,200.0
Copper_mining,Copper_ore,USA,10,200.0,200.0,200.0,200.0,200.0
Copper_mining,Copper_ore,USA,11,200.0,200.0,200.0,200.0,200.0
Copper_mining,Copper_ore,USA,12,200.0,200.0,200.0,200.0,200.0
Copper_mining,Copper_ore,USA,13,200.0,200.0,200.0,200.0,200.0
Copper_refinement,Copper,AUS,0,76.0,76.0,76.0,76.0,76.0
Copper_refinement,Copper,AUS,1,76.0,76.0,76.0,76.0,76.0
Copper_refinement,Copper,AUS,2,76.0,76.0,76.0,76.0,76.0
Copper_refinement,Copper,AUS,3,76.0,76.0,76.0,76.0,76.0
Copper_refinement,Copper,AUS,4,76.0,76.0,76.0,76.0,76.0
Copper_refinement,Copper,AUS,5,76.0,76.0,76.0,76.0,76.0
Copper_refinement,Copper,AUS,6,76.0,76.0,76.0,76.0,76.0
Copper_refinement,Copper,AUS,7,76.0,76.0,76.0,76.0,76.0
Copper_refinement,Copper,AUS,8,76.0,76.0,76.0,76.0,76.0
Copper_refinement,Copper,AUS,9,76.0,76.0,76.0,76.0,76.0
Copper_refinement,Copper,AUS,10,76.0,76.0,76.0,76.0,76.0
Copper_refinement,Copper,AUS,11,76.0,76.0,76.0,76.0,76.0
Copper_refinement,Copper,AUS,12,76.0,76.0,76.0,76.0,76.0
Copper_refinement,Copper,AUS,13,76.0,76.0,76.0,76.0,76.0
Copper_refinement,Copper,AUT,0,0.0,0.0,0.0,0.0,0.0
Copper_refinement,Copper,AUT,1,0.0,0.0,0.0,0.0,0.0
Copper_refinement,Copper,AUT,2,0.0,0.0,0.0,0.0,0.0
Copper_refinement,Copper,AUT,3,0.0,0.0,0.0,0.0,0.0
Copper_refinement,Copper,AUT,4,0.0,0.0,0.0,0.0,0.0
Copper_refinement,Copper,AUT,5,0.0,0.0,0.0,0.0,0.0
Copper_refinement,Copper,AUT,6,0.0,0.0,0.0,0.0,0.0
Copper_refinement,Copper,AUT,7,0.0,0.0,0.0,0.0,0.0
Copper_refinement,Copper,AUT,8,0.0,0.0,0.0,0.0,0.0
Copper_refinement,Copper,AUT,9,0.0,0.0,0.0,0.0,0.0
Copper_refinement,Copper,AUT,10,0.0,0.0,0.0,0.0,0.0
Copper_refinement,Copper,AUT,11,0.0,0.0,0.0,0.0,0.0
Copper_refinement,Copper,AUT,12,0.0,0.0,0.0,0.0,0.0
Copper_refinement,Copper,AUT,13,0.0,0.0,0.0,0.0,0.0
Copper_refinement,Copper,BRA,0,0.0,0.0,0.0,0.0,0.0
Copper_refinement,Copper,BRA,1,0.0,0.0,0.0,0.0,0.0
Copper_refinement,Copper,BRA,2,0.0,0.0,0.0,0.0,0.0
Copper_refinement,Copper,BRA,3,0.0,0.0,0.0,0.0,0.0
Copper_refinement,Copper,BRA,4,0.0,0.0,0.0,0.0,0.0
Copper_refinement,Copper,BRA,5,0.0,0.0,0.0,0.0,0.0
Copper_refinement,Copper,BRA,6,0.0,0.0,0.0,0.0,0.0
Copper_refinement,Copper,BRA,7,0.0,0.0,0.0,0.0,0.0
Copper_refinement,Copper,BRA,8,0.0,0.0,0.0,0.0,0.0
Copper_refinement,Copper,BRA,9,0.0,0.0,0.0,0.0,0.0
Copper_refinement,Copper,BRA,10,0.0,0.0,0.0,0.0,0.0
Copper_refinement,Copper,BRA,11,0.0,0.0,0.0,0.0,0.0
Copper_refinement,Copper,BRA,12,0.0,0.0,0.0,0.0,0.0
Copper_refinement,Copper,BRA,13,0.0,0.0,0.0,0.0,0.0
Copper_refinement,Copper,CHN,0,380.0,380.0,380.0,380.0,380.0
Copper_refinement,Copper,CHN,1,380.0,380.0,380.0,380.0,380.0
Copper_refinement,Copper,CHN,2,380.0,380.0,380.0,380.0,380.0
Copper_refinement,Copper,CHN,3,380.0,380.0,380.0,380.0,380.0
Copper_refinement,Copper,CHN,4,380.0,380.0,380.0,380.0,380.0
Copper_refinement,Copper,CHN,5,380.0,380.0,380.0,380.0,380.0
Copper_refinement,Copper,CHN,6,380.0,380.0,380.0,380.0,380.0
Copper_refinement,Copper,CHN,7,380.0,380.0,380.0,380.0,380.0
Copper_refinement,Copper,CHN,8,380.0,380.0,380.0,380.0,380.0
Copper_refinement,Copper,CHN,9,380.0,380.0,380.0,380.0,380.0
Copper_refinement,Copper,CHN,10,380.0,380.0,380.0,380.0,380.0
Copper_refinement,Copper,CHN,11,380.0,380.0,380.0,380.0,380.0
Copper_refinement,Copper,CHN,12,380.0,380.0,380.0,380.0,380.0
Copper_refinement,Copper,CHN,13,380.0,380.0,380.0,380.0,380.0
Copper_refinement,Copper,CZE,0,0.0,0.0,0.0,0.0,0.0
Copper_refinement,Copper,CZE,1,0.0,0.0,0.0,0.0,0.0
Copper_refinement,Copper,CZE,2,0.0,0.0,0.0,0.0,0.0
Copper_refinement,Copper,CZE,3,0.0,0.0,0.0,0.0,0.0
Copper_refinement,Copper,CZE,4,0.0,0.0,0.0,0.0,0.0
Copper_refinement,Copper,CZE,5,0.0,0.0,0.0,0.0,0.0
Copper_refinement,Copper,CZE,6,0.0,0.0,0.0,0.0,0.0
Copper_refinement,Copper,CZE,7,0.0,0.0,0.0,0.0,0.0
Copper_refinement,Copper,CZE,8,0.0,0.0,0.0,0.0,0.0
Copper_refinement,Copper,CZE,9,0.0,0.0,0.0,0.0,0.0
Copper_refinement,Copper,CZE,10,0.0,0.0,0.0,0.0,0.0
Copper_refinement,Copper,CZE,11,0.0,0.0,0.0,0.0,0.0
Copper_refinement,Copper,CZE,12,0.0,0.0,0.0,0.0,0.0
Copper_refinement,Copper,CZE,13,0.0,0.0,0.0,0.0,0.0
Copper_refinement,Copper,DEU,0,0.0,0.0,0.0,0.0,0.0
Copper_refinement,Copper,DEU,1,0.0,0.0,0.0,0.0,0.0
Copper_refinement,Copper,DEU,2,0.0,0.0,0.0,0.0,0.0
Copper_refinement,Copper,DEU,3,0.0,0.0,0.0,0.0,0.0
Copper_refinement,Copper,DEU,4,0.0,0.0,0.0,0.0,0.0
Copper_refinement,Copper,DEU,5,0.0,0.0,0.0,0.0,0.0
Copper_refinement,Copper,DEU,6,0.0,0.0,0.0,0.0,0.0
Copper_refinement,Copper,DEU,7,0.0,0.0,0.0,0.0,0.0
Copper_refinement,Copper,DEU,8,0.0,0.0,0.0,0.0,0.0
Copper_refinement,Copper,DEU,9,0.0,0.0,0.0,0.0,0.0
Copper_refinement,Copper,DEU,10,0.0,0.0,0.0,0.0,0.0
Copper_refinement,Copper,DEU,11,0.0,0.0,0.0,0.0,0.0
Copper_refinement,Copper,DEU,12,0.0,0.0,0.0,0.0,0.0
Copper_refinement,Copper,DEU,13,0.0,0.0,0.0,0.0,0.0
Copper_refinement,Copper,ITA,0,0.0,0.0,0.0,0.0,0.0
Copper_refinement,Copper,ITA,1,0.0,0.0,0.0,0.0,0.0
Copper_refinement,Copper,ITA,2,0.0,0.0,0.0,0.0,0.0
Copper_refinement,Copper,ITA,3,0.0,0.0,0.0,0.0,0.0
Copper_refinement,Copper,ITA,4,0.0,0.0,0.0,0.0,0.0
Copper_refinement,Copper,ITA,5,0.0,0.0,0.0,0.0,0.0
Copper_refinement,Copper,ITA,6,0.0,0.0,0.0,0.0,0.0
Copper_refinement,Copper,ITA,7,0.0,0.0,0.0,0.0,0.0
Copper_refinement,Copper,ITA,8,0.0,0.0,0.0,0.0,0.0
Copper_refinement,Copper,ITA,9,0.0,0.0,0.0,0.0,0.0
Copper_refinement,Copper,ITA,10,0.0,0.0,0.0,0.0,0.0
Copper_refinement,Copper,ITA,11,0.0,0.0,0.0,0.0,0.0
Copper_refinement,Copper,ITA,12,0.0,0.0,0.0,0.0,0.0
Copper_refinement,Copper,ITA,13,0.0,0.0,0.0,0.0,0.0
Copper_refinement,Copper,JPN,0,0.0,0.0,0.0,0.0,0.0
Copper_refinement,Copper,JPN,1,0.0,0.0,0.0,0.0,0.0
Copper_refinement,Copper,JPN,2,0.0,0.0,0.0,0.0,0.0
Copper_refinement,Copper,JPN,3,0.0,0.0,0.0,0.0,0.0
Copper_refinement,Copper,JPN,4,0.0,0.0,0.0,0.0,0.0
Copper_refinement,Copper,JPN,5,0.0,0.0,0.0,0.0,0.0
Copper_refinement,Copper,JPN,6,0.0,0.0,0.0,0.0,0.0
Copper_refinement,Copper,JPN,7,0.0,0.0,0.0,0.0,0.0
Copper_refinement,Copper,JPN,8,0.0,0.0,0.0,0.0,0.0
Copper_refinement,Copper,JPN,9,0.0,0.0,0.0,0.0,0.0
Copper_refinement,Copper,JPN,10,0.0,0.0,0.0,0.0,0.0
Copper_refinement,Copper,JPN,11,0.0,0.0,0.0,0.0,0.0
Copper_refinement,Copper,JPN,12,0.0,0.0,0.0,0.0,0.0
Copper_refinement,Copper,JPN,13,0.0,0.0,0.0,0.0,0.0
Copper_refinement,Copper,KOR,0,0.0,0.0,0.0,0.0,0.0
Copper_refinement,Copper,KOR,1,0.0,0.0,0.0,0.0,0.0
Copper_refinement,Copper,KOR,2,0.0,0.0,0.0,0.0,0.0
Copper_refinement,Copper,KOR,3,0.0,0.0,0.0,0.0,0.0
Copper_refinement,Copper,KOR,4,0.0,0.0,0.0,0.0,0.0
Copper_refinement,Copper,KOR,5,0.0,0.0,0.0,0.0,0.0
Copper_refinement,Copper,KOR,6,0.0,0.0,0.0,0.0,0.0
Copper_refinement,Copper,KOR,7,0.0,0.0,0.0,0.0,0.0
Copper_refinement,Copper,KOR,8,0.0,0.0,0.0,0.0,0.0
Copper_refinement,Copper,KOR,9,0.0,0.0,0.0,0.0,0.0
Copper_refinement,Copper,KOR,10,0.0,0.0,0.0,0.0,0.0
Copper_refinement,Copper,KOR,11,0.0,0.0,0.0,0.0,0.0
Copper_refinement,Copper,KOR,12,0.0,0.0,0.0,0.0,0.0
Copper_refinement,Copper,KOR,13,0.0,0.0,0.0,0.0,0.0
Copper_refinement,Copper,ROE,0,535.2,535.2,535.2,535.2,535.2
Copper_refinement,Copper,ROE,1,535.2,535.2,535.2,535.2,535.2
Copper_refinement,Copper,ROE,2,535.2,535.2,535.2,535.2,535.2
Copper_refinement,Copper,ROE,3,535.2,535.2,535.2,535.2,535.2
Copper_refinement,Copper,ROE,4,535.2,535.2,535.2,535.2,535.2
Copper_refinement,Copper,ROE,5,535.2,535.2,535.2,535.2,535.2
Copper_refinement,Copper,ROE,6,535.2,535.2,535.2,535.2,535.2
Copper_refinement,Copper,ROE,7,535.2,535.2,535.2,535.2,535.2
Copper_refinement,Copper,ROE,8,535.2,535.2,535.2,535.2,535.2
Copper_refinement,Copper,ROE,9,535.2,535.2,535.2,535.2,535.2
Copper_refinement,Copper,ROE,10,535.2,535.2,535.2,535.2,535.2
Copper_refinement,Copper,ROE,11,535.2,535.2,535.2,535.2,535.2
Copper_refinement,Copper,ROE,12,535.2,535.2,535.2,535.2,535.2
Copper_refinement,Copper,ROE,13,535.2,535.2,535.2,535.2,535.2
Copper_refinement,Copper,ROW,0,1655.7,1655.7,1655.7,1655.7,1655.7
Copper_refinement,Copper,ROW,1,1655.7,1655.7,1655.7,1655.7,1655.7
Copper_refinement,Copper,ROW,2,1655.7,1655.7,1655.7,1655.7,1655.7
Copper_refinement,Copper,ROW,3,1655.7,1655.7,1655.7,1655.7,1655.7
Copper_refinement,Copper,ROW,4,1655.7,1655.7,1655.7,1655.7,1655.7
Copper_refinement,Copper,ROW,5,1655.7,1655.7,1655.7,1655.7,1655.7
Copper_refinement,Copper,ROW,6,1655.7,1655.7,1655.7,1655.7,1655.7
Copper_refinement,Copper,ROW,7,1655.7,1655.7,1655.7,1655.7,1655.7
Copper_refinement,Copper,ROW,8,1655.7,1655.7,1655.7,1655.7,1655.7
Copper_refinement,Copper,ROW,9,1655.7,1655.7,1655.7,1655.7,1655.7
Copper_refinement,Copper,ROW,10,1655.7,1655.7,1655.7,1655.7,1655.7
Copper_refinement,Copper,ROW,11,1655.7,1655.7,1655.7,1655.7,1655.7
Copper_refinement,Copper,ROW,12,1655.7,1655.7,1655.7,1655.7,1655.7
Copper_refinement,Copper,ROW,13,1655.7,1655.7,1655.7,1655.7,1655.7
Copper_refinement,Copper,USA,0,200.0,200.0,200.0,200.0,200.0
Copper_refinement,Copper,USA,1,200.0,200.0,200.0,200.0,200.0
Copper_refinement,Copper,USA,2,200.0,200.0,200.0,200.0,200.0
Copper_refinement,Copper,USA,3,200.0,200.0,200.0,200.0,200.0
Copper_refinement,Copper,USA,4,200.0,200.0,200.0,200.0,200.0
Copper_refinement,Copper,USA,5,200.0,200.0,200.0,200.0,200.0
Copper_refinement,Copper,USA,6,200.0,200.0,200.0,200.0,200.0
Copper_refinement,Copper,USA,7,200.0,200.0,200.0,200.0,200.0
Copper_refinement,Copper,USA,8,200.0,200.0,200.0,200.0,200.0
Copper_refinement,Copper,USA,9,200.0,200.0,200.0,200.0,200.0
Copper_refinement,Copper,USA,10,200.0,200.0,200.0,200.0,200.0
Copper_refinement,Copper,USA,11,200.0,200.0,200.0,200.0,200.0
Copper_refinement,Copper,USA,12,200.0,200.0,200.0,200.0,200.0
Copper_refinement,Copper,USA,13,200.0,200.0,200.0,200.0,200.0
HEX_manufacturing,HEX,AUS,0,2.7,0.54,0.0,2.7,2.7
HEX_manufacturing,HEX,AUS,1,2.7,2.7,0.0,2.7,2.7
HEX_manufacturing,HEX,AUS,2,2.7,2.7,0.0,2.7,2.7
HEX_manufacturing,HEX,AUS,3,2.7,2.7,2.7,2.7,2.7
HEX_manufacturing,HEX,AUS,4,2.7,2.7,2.7,2.7,2.7
HEX_manufacturing,HEX,AUS,5,0.0,2.7,2.7,2.7,0.0
HEX_manufacturing,HEX,AUS,6,2.7,5.0,2.7,5.0,2.7
HEX_manufacturing,HEX,AUS,7,5.0,5.0,2.7,5.0,5.0
HEX_manufacturing,HEX,AUS,8,6.0,1.0,2.7,5.0,6.0
HEX_manufacturing,HEX,AUS,9,6.0,5.0,2.7,6.0,6.0
HEX_manufacturing,HEX,AUS,10,0.0,5.0,2.7,7.0,0.0
HEX_manufacturing,HEX,AUS,11,0.0,5.0,2.7,7.0,0.0
HEX_manufacturing,HEX,AUS,12,0.0,5.0,2.7,7.0,0.0
HEX_manufacturing,HEX,AUS,13,0.0,9.0,0.0,9.0,0.0
HEX_manufacturing,HEX,AUT,0,0.4,0.08000000000000002,0.0,0.4,0.4
HEX_manufacturing,HEX,AUT,1,0.4,0.4,0.4,0.4,0.4
HEX_manufacturing,HEX,AUT,2,0.4,0.4,0.0,0.4,0.4
HEX_manufacturing,HEX,AUT,3,0.4,0.4,0.0,0.4,0.4
HEX_manufacturing,HEX,AUT,4,1.0,0.4,0.4,0.4,1.0
HEX_manufacturing,HEX,AUT,5,1.0,0.4,0.0,0.4,1.0
HEX_manufacturing,HEX,AUT,6,1.0,0.07999999999999985,0.4,0.0,1.0
HEX_manufacturing,HEX,AUT,7,1.0,0.07999999999999985,0.4,0.0,1.0
HEX_manufacturing,HEX,AUT,8,2.0,0.07999999999999963,0.4,0.4,2.0
HEX_manufacturing,HEX,AUT,9,2.0,0.4,0.4,2.0,2.0
HEX_manufacturing,HEX,AUT,10,0.0,0.07999999999999963,0.4,2.0,0.0
HEX_manufacturing,HEX,AUT,11,0.0,0.4,0.4,3.0,0.0
HEX_manufacturing,HEX,AUT,12,0.0,0.4,0.4,3.0,0.0
HEX_manufacturing,HEX,AUT,13,0.0,0.07999999999999918,0.0,4.0,0.0
HEX_manufacturing,HEX,BRA,0,1.5,0.3,0.0,0.0,1.5
HEX_manufacturing,HEX,BRA,1,1.5,1.5,2.0,0.0,1.5
HEX_manufacturing,HEX,BRA,2,1.5,1.5,2.0,1.5,1.5
HEX_manufacturing,HEX,BRA,3,1.5,1.5,2.0,1.5,1.5
HEX_manufacturing,HEX,BRA,4,2.0,1.5,2.0,0.06735300000005662,2.0
HEX_manufacturing,HEX,BRA,5,2.0,1.5,2.0,2.0,2.0
HEX_manufacturing,HEX,BRA,6,2.0,0.3,2.0,2.0,2.0
HEX_manufacturing,HEX,BRA,7,2.0,0.3,2.0,2.0,2.0
HEX_manufacturing,HEX,BRA,8,2.0,0.3,2.0,2.0,2.0
HEX_manufacturing,HEX,BRA,9,2.0,1.5,2.0,2.0,2.0
HEX_manufacturing,HEX,BRA,10,0.0,0.3,2.0,2.0,0.0
HEX_manufacturing,HEX,BRA,11,0.0,1.5,2.0,2.0,0.0
HEX_manufacturing,HEX,BRA,12,0.0,1.5,3.0,3.0,0.0
HEX_manufacturing,HEX,BRA,13,0.0,0.3,0.0,3.0,0.0
HEX_manufacturing,HEX,CHN,0,39.6,39.6,33.9,0.0,39.6
HEX_manufacturing,HEX,CHN,1,36.21156100000001,39.6,39.6,37.71156100000001,36.21156100000001
HEX_manufacturing,HEX,CHN,2,39.6,39.6,0.0,10.975759000000016,39.6
HEX_manufacturing,HEX,CHN,3,39.6,39.6,29.538337999999968,21.838338000000032,39.6
HEX_manufacturing,HEX,CHN,4,39.6,39.6,51.0,39.6,39.6
HEX_manufacturing,HEX,CHN,5,54.0,39.6,51.0,39.6,54.0
HEX_manufacturing,HEX,CHN,6,54.0,17.030698000000022,56.80766299967999,58.0,54.0
HEX_manufacturing,HEX,CHN,7,62.0,21.248196,56.80766299967999,58.0,62.0
HEX_manufacturing,HEX,CHN,8,0.0,59.369050000000016,56.80766299967999,66.0,0.0
HEX_manufacturing,HEX,CHN,9,70.0,59.369050000000016,56.80766299967999,70.0,70.0
HEX_manufacturing,HEX,CHN,10,0.0,74.0,56.80766299967999,74.0,0.0
HEX_manufacturing,HEX,CHN,11,0.0,74.0,56.80766299967999,0.0,0.0
HEX_manufacturing,HEX,CHN,12,0.0,74.0,74.81110099968001,74.0,0.0
HEX_manufacturing,HEX,CHN,13,0.0,14.8,72.34295899904004,90.0,0.0
HEX_manufacturing,HEX,CZE,0,0.3,0.06,0.0,0.0,0.3
HEX_manufacturing,HEX,CZE,1,0.3,0.3,0.3,0.3,0.3
HEX_manufacturing,HEX,CZE,2,0.3,0.3,0.3,0.3,0.3
HEX_manufacturing,HEX,CZE,3,0.3,0.3,0.0,0.3,0.3
HEX_manufacturing,HEX,CZE,4,1.0,0.3,0.0,0.0,1.0
HEX_manufacturing,HEX,CZE,5,1.0,0.3,0.0,0.3,1.0
HEX_manufacturing,HEX,CZE,6,1.0,0.05999999999999983,0.3,0.0,1.0
HEX_manufacturing,HEX,CZE,7,1.0,0.05999999999999983,0.3,0.0,1.0
HEX_manufacturing,HEX,CZE,8,1.0,0.05999999999999983,0.3,0.3,1.0
HEX_manufacturing,HEX,CZE,9,1.0,0.3,0.3,0.0,1.0
HEX_manufacturing,HEX,CZE,10,0.0,0.05999999999999961,0.3,2.0,0.0
HEX_manufacturing,HEX,CZE,11,0.0,0.3,0.3,2.0,0.0
HEX_manufacturing,HEX,CZE,12,0.0,0.3,0.3,2.0,0.0
HEX_manufacturing,HEX,CZE,13,0.0,0.05999999999999872,0.0,3.0,0.0
HEX_manufacturing,HEX,DEU,0,2.0,0.4,0.0,2.0,2.0
HEX_manufacturing,HEX,DEU,1,2.0,2.0,2.0,2.0,2.0
HEX_manufacturing,HEX,DEU,2,2.0,2.0,0.0,2.0,2.0
HEX_manufacturing,HEX,DEU,3,2.0,2.0,0.0,2.0,2.0
HEX_manufacturing,HEX,DEU,4,0.0,2.0,2.0,2.0,0.0
HEX_manufacturing,HEX,DEU,5,0.0,2.0,2.0,5.0,0.0
HEX_manufacturing,HEX,DEU,6,2.0,6.0,2.0,6.0,2.0
HEX_manufacturing,HEX,DEU,7,7.0,7.0,2.0,6.0,7.0
HEX_manufacturing,HEX,DEU,8,8.0,7.0,2.0,8.0,8.0
HEX_manufacturing,HEX,DEU,9,8.0,7.0,2.0,10.0,8.0
HEX_manufacturing,HEX,DEU,10,0.0,7.0,2.0,0.0,0.0
HEX_manufacturing,HEX,DEU,11,0.0,7.0,2.0,10.0,0.0
HEX_manufacturing,HEX,DEU,12,0.0,7.0,2.0,10.0,0.0
HEX_manufacturing,HEX,DEU,13,0.0,19.0,19.0,19.0,0.0
HEX_manufacturing,HEX,ITA,0,2.6,0.5199999999999996,0.0,0.0,2.6
HEX_manufacturing,HEX,ITA,1,0.0,2.6,3.0,0.0,0.0
HEX_manufacturing,HEX,ITA,2,2.6,2.6,4.0,2.6,2.6
HEX_manufacturing,HEX,ITA,3,2.6,2.6,4.0,2.6,2.6
HEX_manufacturing,HEX,ITA,4,0.0,2.6,4.0,0.0,0.0
HEX_manufacturing,HEX,ITA,5,0.0,6.0,0.0,6.0,0.0
HEX_manufacturing,HEX,ITA,6,2.6,7.0,4.0,7.0,2.6
HEX_manufacturing,HEX,ITA,7,9.0,7.0,4.0,9.0,9.0
HEX_manufacturing,HEX,ITA,8,10.0,1.4,4.0,9.0,10.0
HEX_manufacturing,HEX,ITA,9,12.0,7.0,4.0,12.0,12.0
HEX_manufacturing,HEX,ITA,10,0.0,1.4,4.0,15.0,0.0
HEX_manufacturing,HEX,ITA,11,0.0,7.0,4.0,17.0,0.0
HEX_manufacturing,HEX,ITA,12,0.0,7.0,4.0,17.0,0.0
HEX_manufacturing,HEX,ITA,13,0.0,19.802958999040005,25.0,25.0,0.0
HEX_manufacturing,HEX,JPN,0,7.7,1.54,0.0,7.7,7.7
HEX_manufacturing,HEX,JPN,1,0.0,7.7,7.7,0.0,0.0
HEX_manufacturing,HEX,JPN,2,7.7,7.7,7.7,7.7,7.7
HEX_manufacturing,HEX,JPN,3,7.7,7.7,0.0,7.7,7.7
HEX_manufacturing,HEX,JPN,4,10.0,7.7,7.7,7.7,10.0
HEX_manufacturing,HEX,JPN,5,10.0,7.7,7.7,7.7,10.0
HEX_manufacturing,HEX,JPN,6,10.0,7.7,7.7,7.7,10.0
HEX_manufacturing,HEX,JPN,7,12.0,7.7,7.7,12.0,12.0
HEX_manufacturing,HEX,JPN,8,13.0,1.5399999999999991,7.7,13.0,13.0
HEX_manufacturing,HEX,JPN,9,14.0,7.7,7.7,14.0,14.0
HEX_manufacturing,HEX,JPN,10,0.0,1.5399999999999991,7.7,14.0,0.0
HEX_manufacturing,HEX,JPN,11,0.0,7.7,7.7,15.0,0.0
HEX_manufacturing,HEX,JPN,12,0.0,7.7,7.7,15.0,0.0
HEX_manufacturing,HEX,JPN,13,0.0,7.7,0.0,17.0,0.0
HEX_manufacturing,HEX,KOR,0,0.6,0.12,0.0,0.0,0.6
HEX_manufacturing,HEX,KOR,1,0.0,0.6,1.0,0.0,0.0
HEX_manufacturing,HEX,KOR,2,0.6,0.6,1.0,0.0,0.6
HEX_manufacturing,HEX,KOR,3,0.6,0.6,1.0,0.6,0.6
HEX_manufacturing,HEX,KOR,4,1.0,0.6,1.0,0.0,1.0
HEX_manufacturing,HEX,KOR,5,1.0,0.6,1.0,1.0,1.0
HEX_manufacturing,HEX,KOR,6,1.0,0.11999999999999966,1.0,1.0,1.0
HEX_manufacturing,HEX,KOR,7,1.0,0.11999999999999966,1.0,1.0,1.0
HEX_manufacturing,HEX,KOR,8,1.0,0.11999999999999966,1.0,1.0,1.0
HEX_manufacturing,HEX,KOR,9,1.0,0.6,1.0,1.0,1.0
HEX_manufacturing,HEX,KOR,10,0.0,0.11999999999999966,1.0,1.0,0.0
HEX_manufacturing,HEX,KOR,11,0.0,0.6,1.0,1.0,0.0
HEX_manufacturing,HEX,KOR,12,0.0,0.6,1.0,1.0,0.0
HEX_manufacturing,HEX,KOR,13,0.0,0.6,0.0,1.0,0.0
HEX_manufacturing,HEX,ROE,0,4.7,0.9400000000000001,0.0,0.0,4.7
HEX_manufacturing,HEX,ROE,1,0.0,4.7,0.0,0.0,0.0
HEX_manufacturing,HEX,ROE,2,4.7,4.7,4.7,0.0,4.7
HEX_manufacturing,HEX,ROE,3,4.7,4.7,4.7,0.0,4.7
HEX_manufacturing,HEX,ROE,4,9.0,4.7,0.0,0.0,9.0
HEX_manufacturing,HEX,ROE,5,11.0,4.7,0.0,4.7,11.0
HEX_manufacturing,HEX,ROE,6,11.0,13.0,4.7,13.0,11.0
HEX_manufacturing,HEX,ROE,7,16.0,16.0,4.7,13.0,16.0
HEX_manufacturing,HEX,ROE,8,19.0,3.2,4.7,13.0,19.0
HEX_manufacturing,HEX,ROE,9,22.0,16.0,4.7,22.0,22.0
HEX_manufacturing,HEX,ROE,10,0.0,3.2,4.7,27.0,0.0
HEX_manufacturing,HEX,ROE,11,0.0,16.0,4.7,32.0,0.0
HEX_manufacturing,HEX,ROE,12,0.0,16.0,4.7,32.0,0.0
HEX_manufacturing,HEX,ROE,13,0.0,45.0,0.0,45.0,0.0
HEX_manufacturing,HEX,ROW,0,23.7,41.7,77.1,73.0,23.7
HEX_manufacturing,HEX,ROW,1,77.1,32.911561,39.011561,77.1,77.1
HEX_manufacturing,HEX,ROW,2,43.175759000000006,43.175759000000035,83.775759,77.1,43.175759000000006
HEX_manufacturing,HEX,ROW,3,54.63833800000002,54.638338000000005,98.0,77.1,54.63833800000002
HEX_manufacturing,HEX,ROW,4,58.46735300000001,67.46735300000003,53.967352999999946,77.1,58.46735300000001
HEX_manufacturing,HEX,ROW,5,58.156779,78.456779,72.75677899999992,68.75677899999998,58.156779
HEX_manufacturing,HEX,ROW,6,65.03069799999999,124.0,73.72303500031995,52.630697999999995,65.03069799999999
HEX_manufacturing,HEX,ROW,7,53.54819599999997,134.0,91.94053300031996,63.54819599999996,53.54819599999997
HEX_manufacturing,HEX,ROW,8,126.10904999999994,145.0,112.50138700031992,70.40904999999995,126.10904999999994
HEX_manufacturing,HEX,ROW,9,72.36039499999997,117.291345,128.75273199999995,71.36039499999998,72.36039499999997
HEX_manufacturing,HEX,ROW,10,0.0,171.0,155.09680300064,90.70446600000001,0.0
HEX_manufacturing,HEX,ROW,11,0.0,158.90766299967996,185.0,174.60766300000006,0.0
HEX_manufacturing,HEX,ROW,12,0.0,192.91110099967997,200.0,133.61110100000002,0.0
HEX_manufacturing,HEX,ROW,13,0.0,216.0,216.0,116.34295899999992,0.0
HEX_manufacturing,HEX,USA,0,25.2,25.2,0.0,25.2,25.2
HEX_manufacturing,HEX,USA,1,0.0,25.2,25.2,0.0,0.0
HEX_manufacturing,HEX,USA,2,25.2,25.2,27.0,25.2,25.2
HEX_manufacturing,HEX,USA,3,25.2,25.2,0.0,25.2,25.2
HEX_manufacturing,HEX,USA,4,30.0,25.2,30.0,25.2,30.0
HEX_manufacturing,HEX,USA,5,31.0,25.2,30.0,31.0,31.0
HEX_manufacturing,HEX,USA,6,33.0,5.039999999999999,30.0,33.0,33.0
HEX_manufacturing,HEX,USA,7,34.0,5.039999999999999,30.0,34.0,34.0
HEX_manufacturing,HEX,USA,8,36.0,5.039999999999999,30.0,36.0,36.0
HEX_manufacturing,HEX,USA,9,37.0,25.2,37.0,37.0,37.0
HEX_manufacturing,HEX,USA,10,0.0,10.004465999999997,37.0,39.0,0.0
HEX_manufacturing,HEX,USA,11,0.0,25.2,37.0,40.0,0.0
HEX_manufacturing,HEX,USA,12,0.0,25.2,37.0,40.0,0.0
HEX_manufacturing,HEX,USA,13,0.0,44.0,44.0,44.0,0.0
HP_assembly,HP,AUS,0,2.11,2.11,2.1099999999999994,0.0,2.11
HP_assembly,HP,AUS,1,2.11,2.11,0.42199999999999926,2.11,2.11
HP_assembly,HP,AUS,2,2.11,2.11,0.42199999999999926,2.1099999999999977,2.11
HP_assembly,HP,AUS,3,2.11,2.11,0.4219999999999988,2.11,2.11
HP_assembly,HP,AUS,4,2.5,2.11,0.4219999999999988,2.11,2.5
HP_assembly,HP,AUS,5,2.6,2.11,0.4219999999999988,2.11,2.6
HP_assembly,HP,AUS,6,2.6,0.4219999999999988,0.4219999999999988,2.11,2.6
HP_assembly,HP,AUS,7,2.8,1.6201960000000213,0.4219999999999988,13.9,2.8
HP_assembly,HP,AUS,8,2.9,2.9,0.4219999999999988,13.9,2.9
HP_assembly,HP,AUS,9,3.0,2.9,0.4219999999999988,15.0,3.0
HP_assembly,HP,AUS,10,0.0,3.1,0.4219999999999988,15.6,0.0
HP_assembly,HP,AUS,11,0.0,3.1,2.11,16.3,0.0
HP_assembly,HP,AUS,12,0.0,3.1,59.67270600000006,16.9,0.0
HP_assembly,HP,AUS,13,0.0,0.62,11.934541200000012,17.6,0.0
HP_assembly,HP,AUT,0,1.5,1.5,1.5,1.5,1.5
HP_assembly,HP,AUT,1,1.5,1.5,1.5,1.5,1.5
HP_assembly,HP,AUT,2,1.5,1.5,1.5,1.5,1.5
HP_assembly,HP,AUT,3,1.8,1.5,1.5,1.5,1.8
HP_assembly,HP,AUT,4,1.8,1.5,1.5,1.5,1.8
HP_assembly,HP,AUT,5,2.0,1.5,1.5,1.5,2.0
HP_assembly,HP,AUT,6,2.0,2.1,1.5,1.5,2.0
HP_assembly,HP,AUT,7,2.2,2.2,1.5,1.5,2.2
HP_assembly,HP,AUT,8,2.4,2.4,1.5,1.5,2.4
HP_assembly,HP,AUT,9,2.5,2.4,1.5,0.0,2.5
HP_assembly,HP,AUT,10,0.0,2.6,1.5,1.9,0.0
HP_assembly,HP,AUT,11,0.0,2.6,1.5,2.2,0.0
HP_assembly,HP,AUT,12,0.0,2.6,1.5,2.2,0.0
HP_assembly,HP,AUT,13,0.0,0.52,0.3,3.0,0.0
HP_assembly,HP,BRA,0,0.0,0.0,0.0,0.0,0.0
HP_assembly,HP,BRA,1,0.0,0.0,0.0,0.0,0.0
HP_assembly,HP,BRA,2,0.0,0.0,0.0,0.0,0.0
HP_assembly,HP,BRA,3,0.0,0.0,0.0,0.0,0.0
HP_assembly,HP,BRA,4,0.0,0.0,0.0,0.0,0.0
HP_assembly,HP,BRA,5,0.0,0.0,0.0,0.0,0.0
HP_assembly,HP,BRA,6,0.0,0.0,0.0,0.0,0.0
HP_assembly,HP,BRA,7,0.0,0.0,0.0,0.0,0.0
HP_assembly,HP,BRA,8,10.3,6.451049999999999,0.0,0.0,10.3
HP_assembly,HP,BRA,9,10.3,6.451049999999999,0.0,0.0,10.3
HP_assembly,HP,BRA,10,0.0,1.2902099999999999,0.0,0.0,0.0
HP_assembly,HP,BRA,11,0.0,1.2902099999999999,0.0,0.0,0.0
HP_assembly,HP,BRA,12,0.0,1.2902099999999999,0.0,0.0,0.0
HP_assembly,HP,BRA,13,0.0,1.2902099999999996,0.0,0.0,0.0
HP_assembly,HP,CHN,0,50.0,41.37000000000001,22.0,50.0,50.0
HP_assembly,HP,CHN,1,50.0,50.0,10.0,31.211561000000003,50.0
HP_assembly,HP,CHN,2,50.0,50.0,10.0,50.0,50.0
HP_assembly,HP,CHN,3,43.13999999999996,52.92833799999999,10.0,50.0,43.13999999999996
HP_assembly,HP,CHN,4,43.807353000000006,65.75735300000001,10.0,50.0,43.807353000000006
HP_assembly,HP,CHN,5,53.056779,63.146778999999995,10.0,50.0,53.056779
HP_assembly,HP,CHN,6,59.630697999999974,80.2,10.0,50.0,59.630697999999974
HP_assembly,HP,CHN,7,85.84819599999994,86.8,10.0,50.0,85.84819599999994
HP_assembly,HP,CHN,8,82.20904999999993,93.9,10.0,50.0,82.20904999999993
HP_assembly,HP,CHN,9,96.66039499999997,101.6,10.0,50.0,96.66039499999997
HP_assembly,HP,CHN,10,0.0,109.9,10.0,50.0,0.0
HP_assembly,HP,CHN,11,0.0,167.94745299967994,10.0,50.0,0.0
HP_assembly,HP,CHN,12,0.0,33.58949059993599,50.0,50.0,0.0
HP_assembly,HP,CHN,13,0.0,305.19446891909126,278.12310099904,50.0,0.0
HP_assembly,HP,CZE,0,0.0,0.26,1.25,0.0,0.0
HP_assembly,HP,CZE,1,1.25,1.25,1.25,1.25,1.25
HP_assembly,HP,CZE,2,1.25,1.25,57.22329000000004,1.25,1.25
HP_assembly,HP,CZE,3,1.5,1.25,57.22329000000004,1.25,1.5
HP_assembly,HP,CZE,4,1.6,1.25,57.22329000000004,1.25,1.6
HP_assembly,HP,CZE,5,1.6,1.25,57.22329000000004,1.25,1.6
HP_assembly,HP,CZE,6,1.6,1.25,57.22329000000004,1.25,1.6
HP_assembly,HP,CZE,7,1.9,0.25,57.22329000000004,0.0,1.9
HP_assembly,HP,CZE,8,2.0,2.0,57.22329000000004,1.7,2.0
HP_assembly,HP,CZE,9,2.1,2.0,57.22329000000004,2.0,2.1
HP_assembly,HP,CZE,10,0.0,2.2,57.22329000000004,2.3,0.0
HP_assembly,HP,CZE,11,0.0,2.2,57.22329000000004,2.7,0.0
HP_assembly,HP,CZE,12,0.0,2.2,57.22329000000004,2.7,0.0
HP_assembly,HP,CZE,13,0.0,0.44000000000000006,11.444658000000008,3.7,0.0
HP_assembly,HP,DEU,0,0.0,0.8600000000000003,4.25,4.25,0.0
HP_assembly,HP,DEU,1,4.25,4.25,22.771872499999994,4.25,4.25
HP_assembly,HP,DEU,2,4.25,4.25,22.771872499999994,4.25,4.25
HP_assembly,HP,DEU,3,5.0,4.25,22.771872499999994,4.25,5.0
HP_assembly,HP,DEU,4,5.3,4.25,4.554374499999999,4.25,5.3
HP_assembly,HP,DEU,5,0.0,4.25,22.771872499999994,4.25,0.0
HP_assembly,HP,DEU,6,5.3,4.25,4.554374499999999,0.0,5.3
HP_assembly,HP,DEU,7,6.3,0.8499999999999979,22.771872499999994,5.7,6.3
HP_assembly,HP,DEU,8,6.7,4.25,118.78649829968002,5.7,6.7
HP_assembly,HP,DEU,9,7.1,4.25,118.78649829968002,7.8,7.1
HP_assembly,HP,DEU,10,0.0,1.1142559999999937,118.78649829968002,9.1,0.0
HP_assembly,HP,DEU,11,0.0,4.25,98.83133949967998,10.6,0.0
HP_assembly,HP,DEU,12,0.0,4.25,118.78649829968002,12.4,0.0
HP_assembly,HP,DEU,13,0.0,0.8500000000000227,23.757299659936002,14.5,0.0
HP_assembly,HP,ITA,0,4.0,4.0,4.0,3.85,4.0
HP_assembly,HP,ITA,1,4.0,4.0,4.0,4.0,4.0
HP_assembly,HP,ITA,2,4.0,4.0,4.0,4.0,4.0
HP_assembly,HP,ITA,3,4.7,4.0,4.0,4.0,4.7
HP_assembly,HP,ITA,4,5.0,4.0,0.7999999999998977,4.0,5.0
HP_assembly,HP,ITA,5,5.3,4.0,4.0,4.0,5.3
HP_assembly,HP,ITA,6,5.3,1.5206980000000296,4.0,10.3,5.3
HP_assembly,HP,ITA,7,5.9,5.9,4.0,12.1,5.9
HP_assembly,HP,ITA,8,6.3,1.1800000000000002,0.7999999999998977,12.1,6.3
HP_assembly,HP,ITA,9,6.7,5.9,0.7999999999998977,16.5,6.7
HP_assembly,HP,ITA,10,0.0,7.0,0.7999999999998977,19.3,0.0
HP_assembly,HP,ITA,11,0.0,7.0,4.0,14.817663000000024,0.0
HP_assembly,HP,ITA,12,0.0,7.0,4.0,21.62110100000003,0.0
HP_assembly,HP,ITA,13,0.0,1.4,0.7999999999999545,30.9,0.0
HP_assembly,HP,JPN,0,9.14,9.14,9.14,0.0,9.14
HP_assembly,HP,JPN,1,9.14,9.14,1.8279999999999959,9.14,9.14
HP_assembly,HP,JPN,2,9.14,9.14,1.8279999999999959,9.14,9.14
HP_assembly,HP,JPN,3,11.4,9.14,1.8279999999999959,9.14,11.4
HP_assembly,HP,JPN,4,11.4,9.14,1.8279999999999959,9.14,11.4
HP_assembly,HP,JPN,5,13.2,9.14,1.8279999999999959,9.14,13.2
HP_assembly,HP,JPN,6,13.2,1.8279999999999959,1.8279999999999959,9.14,13.2
HP_assembly,HP,JPN,7,15.3,1.8279999999999959,1.8279999999999959,9.14,15.3
HP_assembly,HP,JPN,8,0.0,1.8279999999999959,1.8279999999999959,10.4,0.0
HP_assembly,HP,JPN,9,0.0,9.14,1.8279999999999923,0.9703949999999821,0.0
HP_assembly,HP,JPN,10,0.0,19.1,1.8279999999999923,12.0,0.0
HP_assembly,HP,JPN,11,0.0,19.1,9.14,12.8,0.0
HP_assembly,HP,JPN,12,0.0,3.8200000000000003,1.8279999999998608,13.8,0.0
HP_assembly,HP,JPN,13,0.0,3.8200000000000003,1.8279999999999745,14.8,0.0
HP_assembly,HP,KOR,0,0.0,1.3800000000000001,6.86,5.509999999999998,0.0
HP_assembly,HP,KOR,1,6.86,6.86,1.3719999999999963,6.86,6.86
HP_assembly,HP,KOR,2,6.86,6.86,1.3719999999999963,6.859999999999999,6.86
HP_assembly,HP,KOR,3,6.86,6.86,1.3719999999999963,6.86,6.86
HP_assembly,HP,KOR,4,6.86,6.859999999999998,1.3719999999999963,6.86,6.86
HP_assembly,HP,KOR,5,9.9,6.859999999999998,1.3719999999999963,6.86,9.9
HP_assembly,HP,KOR,6,9.9,6.859999999999998,1.3719999999999963,6.86,9.9
HP_assembly,HP,KOR,7,11.5,11.5,1.3719999999999963,6.86,11.5
HP_assembly,HP,KOR,8,12.4,11.5,1.3719999999999963,6.86,12.4
HP_assembly,HP,KOR,9,13.3,11.5,1.3719999999999963,8.4,13.3
HP_assembly,HP,KOR,10,0.0,14.4,1.3719999999999963,9.0,0.0
HP_assembly,HP,KOR,11,0.0,2.8800000000000003,6.86,9.6,0.0
HP_assembly,HP,KOR,12,0.0,2.8800000000000003,6.86,10.3,0.0
HP_assembly,HP,KOR,13,0.0,2.88,1.372000000000014,11.1,0.0
HP_assembly,HP,ROE,0,14.0,14.0,14.0,0.0,14.0
HP_assembly,HP,ROE,1,14.0,14.0,67.88968850000003,14.0,14.0
HP_assembly,HP,ROE,2,14.0,14.0,22.180596499999982,5.4757590000000125,14.0
HP_assembly,HP,ROE,3,16.6,14.0,33.643175499999955,14.0,16.6
HP_assembly,HP,ROE,4,17.6,14.0,67.88968850000003,21.767353000000014,17.6
HP_assembly,HP,ROE,5,18.6,14.0,60.86161649999991,36.156778999999986,18.6
HP_assembly,HP,ROE,6,18.6,19.7,95.25303349999993,44.2,18.6
HP_assembly,HP,ROE,7,0.0,20.8,95.25303349999993,44.377497999999974,0.0
HP_assembly,HP,ROE,8,22.0,20.8,22.999261700319995,60.5,22.0
HP_assembly,HP,ROE,9,23.3,20.8,19.050606699999985,70.7,23.3
HP_assembly,HP,ROE,10,0.0,24.7,72.59467770064006,72.91446600000002,0.0
HP_assembly,HP,ROE,11,0.0,4.94,95.25303349999993,96.8,0.0
HP_assembly,HP,ROE,12,0.0,4.94,19.050606699999985,113.3,0.0
HP_assembly,HP,ROE,13,0.0,4.9399999999999995,37.605359140064046,132.6,0.0
HP_assembly,HP,ROW,0,11.9,2.3800000000000003,11.89,11.89,11.9
HP_assembly,HP,ROW,1,11.9,11.89,2.378,11.89,11.9
HP_assembly,HP,ROW,2,11.9,11.89,2.378,11.89,11.9
HP_assembly,HP,ROW,3,11.9,11.9,2.378,11.89,11.9
HP_assembly,HP,ROW,4,11.9,11.9,2.378,11.89,11.9
HP_assembly,HP,ROW,5,11.9,11.9,2.378,11.89,11.9
HP_assembly,HP,ROW,6,11.9,11.9,2.378,11.89,11.9
HP_assembly,HP,ROW,7,11.9,11.9,2.378,11.89,11.9
HP_assembly,HP,ROW,8,11.9,11.9,2.378,11.89,11.9
HP_assembly,HP,ROW,9,11.9,11.9,2.378,11.89,11.9
HP_assembly,HP,ROW,10,0.0,11.9,2.378,11.89,0.0
HP_assembly,HP,ROW,11,0.0,11.9,11.89,11.89,0.0
HP_assembly,HP,ROW,12,0.0,195.541400399744,11.89,11.89,0.0
HP_assembly,HP,ROW,13,0.0,39.10828007994879,2.378,8.342958999999972,0.0
HP_assembly,HP,USA,0,18.35,34.0,34.0,34.0,18.35
HP_assembly,HP,USA,1,15.201561000000025,15.211561000000078,6.8,34.0,15.201561000000025
HP_assembly,HP,USA,2,25.465759000000048,25.475759000000146,6.8,34.0,25.465759000000048
HP_assembly,HP,USA,3,36.92833800000006,34.0,6.8,36.93833799999999,36.92833800000006
HP_assembly,HP,USA,4,47.0,34.0,6.8,42.0,47.0
HP_assembly,HP,USA,5,51.0,51.0,6.8,42.0,51.0
HP_assembly,HP,USA,6,55.3,55.3,6.8,48.080698,55.3
HP_assembly,HP,USA,7,59.9,59.9,6.8,48.080698,59.9
HP_assembly,HP,USA,8,65.0,65.0,6.8,49.55904999999997,65.0
HP_assembly,HP,USA,9,70.5,68.51934499999999,34.0,64.1,70.5
HP_assembly,HP,USA,10,0.0,76.4,6.8,69.7,0.0
HP_assembly,HP,USA,11,0.0,76.4,6.800000000000001,75.9,0.0
HP_assembly,HP,USA,12,0.0,76.4,6.800000000000001,82.5,0.0
HP_assembly,HP,USA,13,0.0,15.280000000000001,6.800000000000001,89.8,0.0
Iron_mining,Iron,AUS,0,35200.0,35200.0,35200.0,35200.0,35200.0
Iron_mining,Iron,AUS,1,35200.0,35200.0,35200.0,35200.0,35200.0
Iron_mining,Iron,AUS,2,35200.0,35200.0,35200.0,35200.0,35200.0
Iron_mining,Iron,AUS,3,35200.0,35200.0,35200.0,35200.0,35200.0
Iron_mining,Iron,AUS,4,35200.0,35200.0,35200.0,35200.0,35200.0
Iron_mining,Iron,AUS,5,35200.0,35200.0,35200.0,35200.0,35200.0
Iron_mining,Iron,AUS,6,35200.0,35200.0,35200.0,35200.0,35200.0
Iron_mining,Iron,AUS,7,35200.0,35200.0,35200.0,35200.0,35200.0
Iron_mining,Iron,AUS,8,35200.0,35200.0,35200.0,35200.0,35200.0
Iron_mining,Iron,AUS,9,35200.0,35200.0,35200.0,35200.0,35200.0
Iron_mining,Iron,AUS,10,35200.0,35200.0,35200.0,35200.0,35200.0
Iron_mining,Iron,AUS,11,35200.0,35200.0,35200.0,35200.0,35200.0
Iron_mining,Iron,AUS,12,35200.0,35200.0,35200.0,35200.0,35200.0
Iron_mining,Iron,AUS,13,35200.0,35200.0,35200.0,35200.0,35200.0
Iron_mining,Iron,AUT,0,120.0,120.0,120.0,120.0,120.0
Iron_mining,Iron,AUT,1,120.0,120.0,120.0,120.0,120.0
Iron_mining,Iron,AUT,2,120.0,120.0,120.0,120.0,120.0
Iron_mining,Iron,AUT,3,120.0,120.0,120.0,120.0,120.0
Iron_mining,Iron,AUT,4,120.0,120.0,120.0,120.0,120.0
Iron_mining,Iron,AUT,5,120.0,120.0,120.0,120.0,120.0
Iron_mining,Iron,AUT,6,120.0,120.0,120.0,120.0,120.0
Iron_mining,Iron,AUT,7,120.0,120.0,120.0,120.0,120.0
Iron_mining,Iron,AUT,8,120.0,120.0,120.0,120.0,120.0
Iron_mining,Iron,AUT,9,120.0,120.0,120.0,120.0,120.0
Iron_mining,Iron,AUT,10,120.0,120.0,120.0,120.0,120.0
Iron_mining,Iron,AUT,11,120.0,120.0,120.0,120.0,120.0
Iron_mining,Iron,AUT,12,120.0,120.0,120.0,120.0,120.0
Iron_mining,Iron,AUT,13,120.0,120.0,120.0,120.0,120.0
Iron_mining,Iron,BRA,0,16400.0,16400.0,16400.0,16400.0,16400.0
Iron_mining,Iron,BRA,1,16400.0,16400.0,16400.0,16400.0,16400.0
Iron_mining,Iron,BRA,2,16400.0,16400.0,16400.0,16400.0,16400.0
Iron_mining,Iron,BRA,3,16400.0,16400.0,16400.0,16400.0,16400.0
Iron_mining,Iron,BRA,4,16400.0,16400.0,16400.0,16400.0,16400.0
Iron_mining,Iron,BRA,5,16400.0,16400.0,16400.0,16400.0,16400.0
Iron_mining,Iron,BRA,6,16400.0,16400.0,16400.0,16400.0,16400.0
Iron_mining,Iron,BRA,7,16400.0,16400.0,16400.0,16400.0,16400.0
Iron_mining,Iron,BRA,8,16400.0,16400.0,16400.0,16400.0,16400.0
Iron_mining,Iron,BRA,9,16400.0,16400.0,16400.0,16400.0,16400.0
Iron_mining,Iron,BRA,10,16400.0,16400.0,16400.0,16400.0,16400.0
Iron_mining,Iron,BRA,11,16400.0,16400.0,16400.0,16400.0,16400.0
Iron_mining,Iron,BRA,12,16400.0,16400.0,16400.0,16400.0,16400.0
Iron_mining,Iron,BRA,13,16400.0,16400.0,16400.0,16400.0,16400.0
Iron_mining,Iron,CHN,0,15200.0,15200.0,15200.0,15200.0,15200.0
Iron_mining,Iron,CHN,1,15200.0,15200.0,15200.0,15200.0,15200.0
Iron_mining,Iron,CHN,2,15200.0,15200.0,15200.0,15200.0,15200.0
Iron_mining,Iron,CHN,3,15200.0,15200.0,15200.0,15200.0,15200.0
Iron_mining,Iron,CHN,4,15200.0,15200.0,15200.0,15200.0,15200.0
Iron_mining,Iron,CHN,5,15200.0,15200.0,15200.0,15200.0,15200.0
Iron_mining,Iron,CHN,6,15200.0,15200.0,15200.0,15200.0,15200.0
Iron_mining,Iron,CHN,7,15200.0,15200.0,15200.0,15200.0,15200.0
Iron_mining,Iron,CHN,8,15200.0,15200.0,15200.0,15200.0,15200.0
Iron_mining,Iron,CHN,9,15200.0,15200.0,15200.0,15200.0,15200.0
Iron_mining,Iron,CHN,10,15200.0,15200.0,15200.0,15200.0,15200.0
Iron_mining,Iron,CHN,11,15200.0,15200.0,15200.0,15200.0,15200.0
Iron_mining,Iron,CHN,12,15200.0,15200.0,15200.0,15200.0,15200.0
Iron_mining,Iron,CHN,13,15200.0,15200.0,15200.0,15200.0,15200.0
Iron_mining,Iron,CZE,0,0.0,0.0,0.0,0.0,0.0
Iron_mining,Iron,CZE,1,0.0,0.0,0.0,0.0,0.0
Iron_mining,Iron,CZE,2,0.0,0.0,0.0,0.0,0.0
Iron_mining,Iron,CZE,3,0.0,0.0,0.0,0.0,0.0
Iron_mining,Iron,CZE,4,0.0,0.0,0.0,0.0,0.0
Iron_mining,Iron,CZE,5,0.0,0.0,0.0,0.0,0.0
Iron_mining,Iron,CZE,6,0.0,0.0,0.0,0.0,0.0
Iron_mining,Iron,CZE,7,0.0,0.0,0.0,0.0,0.0
Iron_mining,Iron,CZE,8,0.0,0.0,0.0,0.0,0.0
Iron_mining,Iron,CZE,9,0.0,0.0,0.0,0.0,0.0
Iron_mining,Iron,CZE,10,0.0,0.0,0.0,0.0,0.0
Iron_mining,Iron,CZE,11,0.0,0.0,0.0,0.0,0.0
Iron_mining,Iron,CZE,12,0.0,0.0,0.0,0.0,0.0
Iron_mining,Iron,CZE,13,0.0,0.0,0.0,0.0,0.0
Iron_mining,Iron,DEU,0,0.0,0.0,0.0,0.0,0.0
Iron_mining,Iron,DEU,1,0.0,0.0,0.0,0.0,0.0
Iron_mining,Iron,DEU,2,0.0,0.0,0.0,0.0,0.0
Iron_mining,Iron,DEU,3,0.0,0.0,0.0,0.0,0.0
Iron_mining,Iron,DEU,4,0.0,0.0,0.0,0.0,0.0
Iron_mining,Iron,DEU,5,0.0,0.0,0.0,0.0,0.0
Iron_mining,Iron,DEU,6,0.0,0.0,0.0,0.0,0.0
Iron_mining,Iron,DEU,7,0.0,0.0,0.0,0.0,0.0
Iron_mining,Iron,DEU,8,0.0,0.0,0.0,0.0,0.0
Iron_mining,Iron,DEU,9,0.0,0.0,0.0,0.0,0.0
Iron_mining,Iron,DEU,10,0.0,0.0,0.0,0.0,0.0
Iron_mining,Iron,DEU,11,0.0,0.0,0.0,0.0,0.0
Iron_mining,Iron,DEU,12,0.0,0.0,0.0,0.0,0.0
Iron_mining,Iron,DEU,13,0.0,0.0,0.0,0.0,0.0
Iron_mining,Iron,ITA,0,0.0,0.0,0.0,0.0,0.0
Iron_mining,Iron,ITA,1,0.0,0.0,0.0,0.0,0.0
Iron_mining,Iron,ITA,2,0.0,0.0,0.0,0.0,0.0
Iron_mining,Iron,ITA,3,0.0,0.0,0.0,0.0,0.0
Iron_mining,Iron,ITA,4,0.0,0.0,0.0,0.0,0.0
Iron_mining,Iron,ITA,5,0.0,0.0,0.0,0.0,0.0
Iron_mining,Iron,ITA,6,0.0,0.0,0.0,0.0,0.0
Iron_mining,Iron,ITA,7,0.0,0.0,0.0,0.0,0.0
Iron_mining,Iron,ITA,8,0.0,0.0,0.0,0.0,0.0
Iron_mining,Iron,ITA,9,0.0,0.0,0.0,0.0,0.0
Iron_mining,Iron,ITA,10,0.0,0.0,0.0,0.0,0.0
Iron_mining,Iron,ITA,11,0.0,0.0,0.0,0.0,0.0
Iron_mining,Iron,ITA,12,0.0,0.0,0.0,0.0,0.0
Iron_mining,Iron,ITA,13,0.0,0.0,0.0,0.0,0.0
Iron_mining,Iron,JPN,0,0.0,0.0,0.0,0.0,0.0
Iron_mining,Iron,JPN,1,0.0,0.0,0.0,0.0,0.0
Iron_mining,Iron,JPN,2,0.0,0.0,0.0,0.0,0.0
Iron_mining,Iron,JPN,3,0.0,0.0,0.0,0.0,0.0
Iron_mining,Iron,JPN,4,0.0,0.0,0.0,0.0,0.0
Iron_mining,Iron,JPN,5,0.0,0.0,0.0,0.0,0.0
Iron_mining,Iron,JPN,6,0.0,0.0,0.0,0.0,0.0
Iron_mining,Iron,JPN,7,0.0,0.0,0.0,0.0,0.0
Iron_mining,Iron,JPN,8,0.0,0.0,0.0,0.0,0.0
Iron_mining,Iron,JPN,9,0.0,0.0,0.0,0.0,0.0
Iron_mining,Iron,JPN,10,0.0,0.0,0.0,0.0,0.0
Iron_mining,Iron,JPN,11,0.0,0.0,0.0,0.0,0.0
Iron_mining,Iron,JPN,12,0.0,0.0,0.0,0.0,0.0
Iron_mining,Iron,JPN,13,0.0,0.0,0.0,0.0,0.0
Iron_mining,Iron,KOR,0,0.0,0.0,0.0,0.0,0.0
Iron_mining,Iron,KOR,1,0.0,0.0,0.0,0.0,0.0
Iron_mining,Iron,KOR,2,0.0,0.0,0.0,0.0,0.0
Iron_mining,Iron,KOR,3,0.0,0.0,0.0,0.0,0.0
Iron_mining,Iron,KOR,4,0.0,0.0,0.0,0.0,0.0
Iron_mining,Iron,KOR,5,0.0,0.0,0.0,0.0,0.0
Iron_mining,Iron,KOR,6,0.0,0.0,0.0,0.0,0.0
Iron_mining,Iron,KOR,7,0.0,0.0,0.0,0.0,0.0
Iron_mining,Iron,KOR,8,0.0,0.0,0.0,0.0,0.0
Iron_mining,Iron,KOR,9,0.0,0.0,0.0,0.0,0.0
Iron_mining,Iron,KOR,10,0.0,0.0,0.0,0.0,0.0
Iron_mining,Iron,KOR,11,0.0,0.0,0.0,0.0,0.0
Iron_mining,Iron,KOR,12,0.0,0.0,0.0,0.0,0.0
Iron_mining,Iron,KOR,13,0.0,0.0,0.0,0.0,0.0
Iron_mining,Iron,ROE,0,6040.0,6040.0,6040.0,6040.0,6040.0
Iron_mining,Iron,ROE,1,6040.0,6040.0,6040.0,6040.0,6040.0
Iron_mining,Iron,ROE,2,6040.0,6040.0,6040.0,6040.0,6040.0
Iron_mining,Iron,ROE,3,6040.0,6040.0,6040.0,6040.0,6040.0
Iron_mining,Iron,ROE,4,6040.0,6040.0,6040.0,6040.0,6040.0
Iron_mining,Iron,ROE,5,6040.0,6040.0,6040.0,6040.0,6040.0
Iron_mining,Iron,ROE,6,6040.0,6040.0,6040.0,6040.0,6040.0
Iron_mining,Iron,ROE,7,6040.0,6040.0,6040.0,6040.0,6040.0
Iron_mining,Iron,ROE,8,6040.0,6040.0,6040.0,6040.0,6040.0
Iron_mining,Iron,ROE,9,6040.0,6040.0,6040.0,6040.0,6040.0
Iron_mining,Iron,ROE,10,6040.0,6040.0,6040.0,6040.0,6040.0
Iron_mining,Iron,ROE,11,6040.0,6040.0,6040.0,6040.0,6040.0
Iron_mining,Iron,ROE,12,6040.0,6040.0,6040.0,6040.0,6040.0
Iron_mining,Iron,ROE,13,6040.0,6040.0,6040.0,6040.0,6040.0
Iron_mining,Iron,ROW,0,29160.0,29160.0,29160.0,29160.0,29160.0
Iron_mining,Iron,ROW,1,29160.0,29160.0,29160.0,29160.0,29160.0
Iron_mining,Iron,ROW,2,29160.0,29160.0,29160.0,29160.0,29160.0
Iron_mining,Iron,ROW,3,29160.0,29160.0,29160.0,29160.0,29160.0
Iron_mining,Iron,ROW,4,29160.0,29160.0,29160.0,29160.0,29160.0
Iron_mining,Iron,ROW,5,29160.0,29160.0,29160.0,29160.0,29160.0
Iron_mining,Iron,ROW,6,29160.0,29160.0,29160.0,29160.0,29160.0
Iron_mining,Iron,ROW,7,29160.0,29160.0,29160.0,29160.0,29160.0
Iron_mining,Iron,ROW,8,29160.0,29160.0,29160.0,29160.0,29160.0
Iron_mining,Iron,ROW,9,29160.0,29160.0,29160.0,29160.0,29160.0
Iron_mining,Iron,ROW,10,29160.0,29160.0,29160.0,29160.0,29160.0
Iron_mining,Iron,ROW,11,29160.0,29160.0,29160.0,29160.0,29160.0
Iron_mining,Iron,ROW,12,29160.0,29160.0,29160.0,29160.0,29160.0
Iron_mining,Iron,ROW,13,29160.0,29160.0,29160.0,29160.0,29160.0
Iron_mining,Iron,USA,0,1840.0,1840.0,1840.0,1840.0,1840.0
Iron_mining,Iron,USA,1,1840.0,1840.0,1840.0,1840.0,1840.0
Iron_mining,Iron,USA,2,1840.0,1840.0,1840.0,1840.0,1840.0
Iron_mining,Iron,USA,3,1840.0,1840.0,1840.0,1840.0,1840.0
Iron_mining,Iron,USA,4,1840.0,1840.0,1840.0,1840.0,1840.0
Iron_mining,Iron,USA,5,1840.0,1840.0,1840.0,1840.0,1840.0
Iron_mining,Iron,USA,6,1840.0,1840.0,1840.0,1840.0,1840.0
Iron_mining,Iron,USA,7,1840.0,1840.0,1840.0,1840.0,1840.0
Iron_mining,Iron,USA,8,1840.0,1840.0,1840.0,1840.0,1840.0
Iron_mining,Iron,USA,9,1840.0,1840.0,1840.0,1840.0,1840.0
Iron_mining,Iron,USA,10,1840.0,1840.0,1840.0,1840.0,1840.0
Iron_mining,Iron,USA,11,1840.0,1840.0,1840.0,1840.0,1840.0
Iron_mining,Iron,USA,12,1840.0,1840.0,1840.0,1840.0,1840.0
Iron_mining,Iron,USA,13,1840.0,1840.0,1840.0,1840.0,1840.0
Nickel_mining,Nickel,AUS,0,10500.0,10500.0,10500.0,10500.0,10500.0
Nickel_mining,Nickel,AUS,1,10500.0,10500.0,10500.0,10500.0,10500.0
Nickel_mining,Nickel,AUS,2,10500.0,10500.0,10500.0,10500.0,10500.0
Nickel_mining,Nickel,AUS,3,10500.0,10500.0,10500.0,10500.0,10500.0
Nickel_mining,Nickel,AUS,4,10500.0,10500.0,10500.0,10500.0,10500.0
Nickel_mining,Nickel,AUS,5,10500.0,10500.0,10500.0,10500.0,10500.0
Nickel_mining,Nickel,AUS,6,10500.0,10500.0,10500.0,10500.0,10500.0
Nickel_mining,Nickel,AUS,7,10500.0,10500.0,10500.0,10500.0,10500.0
Nickel_mining,Nickel,AUS,8,10500.0,10500.0,10500.0,10500.0,10500.0
Nickel_mining,Nickel,AUS,9,10500.0,10500.0,10500.0,10500.0,10500.0
Nickel_mining,Nickel,AUS,10,10500.0,10500.0,10500.0,10500.0,10500.0
Nickel_mining,Nickel,AUS,11,10500.0,10500.0,10500.0,10500.0,10500.0
Nickel_mining,Nickel,AUS,12,10500.0,10500.0,10500.0,10500.0,10500.0
Nickel_mining,Nickel,AUS,13,10500.0,10500.0,10500.0,10500.0,10500.0
Nickel_mining,Nickel,AUT,0,0.0,0.0,0.0,0.0,0.0
Nickel_mining,Nickel,AUT,1,0.0,0.0,0.0,0.0,0.0
Nickel_mining,Nickel,AUT,2,0.0,0.0,0.0,0.0,0.0
Nickel_mining,Nickel,AUT,3,0.0,0.0,0.0,0.0,0.0
Nickel_mining,Nickel,AUT,4,0.0,0.0,0.0,0.0,0.0
Nickel_mining,Nickel,AUT,5,0.0,0.0,0.0,0.0,0.0
Nickel_mining,Nickel,AUT,6,0.0,0.0,0.0,0.0,0.0
Nickel_mining,Nickel,AUT,7,0.0,0.0,0.0,0.0,0.0
Nickel_mining,Nickel,AUT,8,0.0,0.0,0.0,0.0,0.0
Nickel_mining,Nickel,AUT,9,0.0,0.0,0.0,0.0,0.0
Nickel_mining,Nickel,AUT,10,0.0,0.0,0.0,0.0,0.0
Nickel_mining,Nickel,AUT,11,0.0,0.0,0.0,0.0,0.0
Nickel_mining,Nickel,AUT,12,0.0,0.0,0.0,0.0,0.0
Nickel_mining,Nickel,AUT,13,0.0,0.0,0.0,0.0,0.0
Nickel_mining,Nickel,BRA,0,8000.0,8000.0,8000.0,8000.0,8000.0
Nickel_mining,Nickel,BRA,1,8000.0,8000.0,8000.0,8000.0,8000.0
Nickel_mining,Nickel,BRA,2,8000.0,8000.0,8000.0,8000.0,8000.0
Nickel_mining,Nickel,BRA,3,8000.0,8000.0,8000.0,8000.0,8000.0
Nickel_mining,Nickel,BRA,4,8000.0,8000.0,8000.0,8000.0,8000.0
Nickel_mining,Nickel,BRA,5,8000.0,8000.0,8000.0,8000.0,8000.0
Nickel_mining,Nickel,BRA,6,8000.0,8000.0,8000.0,8000.0,8000.0
Nickel_mining,Nickel,BRA,7,8000.0,8000.0,8000.0,8000.0,8000.0
Nickel_mining,Nickel,BRA,8,8000.0,8000.0,8000.0,8000.0,8000.0
Nickel_mining,Nickel,BRA,9,8000.0,8000.0,8000.0,8000.0,8000.0
Nickel_mining,Nickel,BRA,10,8000.0,8000.0,8000.0,8000.0,8000.0
Nickel_mining,Nickel,BRA,11,8000.0,8000.0,8000.0,8000.0,8000.0
Nickel_mining,Nickel,BRA,12,8000.0,8000.0,8000.0,8000.0,8000.0
Nickel_mining,Nickel,BRA,13,8000.0,8000.0,8000.0,8000.0,8000.0
Nickel_mining,Nickel,CHN,0,1050.0,1050.0,1050.0,1050.0,1050.0
Nickel_mining,Nickel,CHN,1,1050.0,1050.0,1050.0,1050.0,1050.0
Nickel_mining,Nickel,CHN,2,1050.0,1050.0,1050.0,1050.0,1050.0
Nickel_mining,Nickel,CHN,3,1050.0,1050.0,1050.0,1050.0,1050.0
Nickel_mining,Nickel,CHN,4,1050.0,1050.0,1050.0,1050.0,1050.0
Nickel_mining,Nickel,CHN,5,1050.0,1050.0,1050.0,1050.0,1050.0
Nickel_mining,Nickel,CHN,6,1050.0,1050.0,1050.0,1050.0,1050.0
Nickel_mining,Nickel,CHN,7,1050.0,1050.0,1050.0,1050.0,1050.0
Nickel_mining,Nickel,CHN,8,1050.0,1050.0,1050.0,1050.0,1050.0
Nickel_mining,Nickel,CHN,9,1050.0,1050.0,1050.0,1050.0,1050.0
Nickel_mining,Nickel,CHN,10,1050.0,1050.0,1050.0,1050.0,1050.0
Nickel_mining,Nickel,CHN,11,1050.0,1050.0,1050.0,1050.0,1050.0
Nickel_mining,Nickel,CHN,12,1050.0,1050.0,1050.0,1050.0,1050.0
Nickel_mining,Nickel,CHN,13,1050.0,1050.0,1050.0,1050.0,1050.0
Nickel_mining,Nickel,CZE,0,0.0,0.0,0.0,0.0,0.0
Nickel_mining,Nickel,CZE,1,0.0,0.0,0.0,0.0,0.0
Nickel_mining,Nickel,CZE,2,0.0,0.0,0.0,0.0,0.0
Nickel_mining,Nickel,CZE,3,0.0,0.0,0.0,0.0,0.0
Nickel_mining,Nickel,CZE,4,0.0,0.0,0.0,0.0,0.0
Nickel_mining,Nickel,CZE,5,0.0,0.0,0.0,0.0,0.0
Nickel_mining,Nickel,CZE,6,0.0,0.0,0.0,0.0,0.0
Nickel_mining,Nickel,CZE,7,0.0,0.0,0.0,0.0,0.0
Nickel_mining,Nickel,CZE,8,0.0,0.0,0.0,0.0,0.0
Nickel_mining,Nickel,CZE,9,0.0,0.0,0.0,0.0,0.0
Nickel_mining,Nickel,CZE,10,0.0,0.0,0.0,0.0,0.0
Nickel_mining,Nickel,CZE,11,0.0,0.0,0.0,0.0,0.0
Nickel_mining,Nickel,CZE,12,0.0,0.0,0.0,0.0,0.0
Nickel_mining,Nickel,CZE,13,0.0,0.0,0.0,0.0,0.0
Nickel_mining,Nickel,DEU,0,0.0,0.0,0.0,0.0,0.0
Nickel_mining,Nickel,DEU,1,0.0,0.0,0.0,0.0,0.0
Nickel_mining,Nickel,DEU,2,0.0,0.0,0.0,0.0,0.0
Nickel_mining,Nickel,DEU,3,0.0,0.0,0.0,0.0,0.0
Nickel_mining,Nickel,DEU,4,0.0,0.0,0.0,0.0,0.0
Nickel_mining,Nickel,DEU,5,0.0,0.0,0.0,0.0,0.0
Nickel_mining,Nickel,DEU,6,0.0,0.0,0.0,0.0,0.0
Nickel_mining,Nickel,DEU,7,0.0,0.0,0.0,0.0,0.0
Nickel_mining,Nickel,DEU,8,0.0,0.0,0.0,0.0,0.0
Nickel_mining,Nickel,DEU,9,0.0,0.0,0.0,0.0,0.0
Nickel_mining,Nickel,DEU,10,0.0,0.0,0.0,0.0,0.0
Nickel_mining,Nickel,DEU,11,0.0,0.0,0.0,0.0,0.0
Nickel_mining,Nickel,DEU,12,0.0,0.0,0.0,0.0,0.0
Nickel_mining,Nickel,DEU,13,0.0,0.0,0.0,0.0,0.0
Nickel_mining,Nickel,ITA,0,0.0,0.0,0.0,0.0,0.0
Nickel_mining,Nickel,ITA,1,0.0,0.0,0.0,0.0,0.0
Nickel_mining,Nickel,ITA,2,0.0,0.0,0.0,0.0,0.0
Nickel_mining,Nickel,ITA,3,0.0,0.0,0.0,0.0,0.0
Nickel_mining,Nickel,ITA,4,0.0,0.0,0.0,0.0,0.0
Nickel_mining,Nickel,ITA,5,0.0,0.0,0.0,0.0,0.0
Nickel_mining,Nickel,ITA,6,0.0,0.0,0.0,0.0,0.0
Nickel_mining,Nickel,ITA,7,0.0,0.0,0.0,0.0,0.0
Nickel_mining,Nickel,ITA,8,0.0,0.0,0.0,0.0,0.0
Nickel_mining,Nickel,ITA,9,0.0,0.0,0.0,0.0,0.0
Nickel_mining,Nickel,ITA,10,0.0,0.0,0.0,0.0,0.0
Nickel_mining,Nickel,ITA,11,0.0,0.0,0.0,0.0,0.0
Nickel_mining,Nickel,ITA,12,0.0,0.0,0.0,0.0,0.0
Nickel_mining,Nickel,ITA,13,0.0,0.0,0.0,0.0,0.0
Nickel_mining,Nickel,JPN,0,0.0,0.0,0.0,0.0,0.0
Nickel_mining,Nickel,JPN,1,0.0,0.0,0.0,0.0,0.0
Nickel_mining,Nickel,JPN,2,0.0,0.0,0.0,0.0,0.0
Nickel_mining,Nickel,JPN,3,0.0,0.0,0.0,0.0,0.0
Nickel_mining,Nickel,JPN,4,0.0,0.0,0.0,0.0,0.0
Nickel_mining,Nickel,JPN,5,0.0,0.0,0.0,0.0,0.0
Nickel_mining,Nickel,JPN,6,0.0,0.0,0.0,0.0,0.0
Nickel_mining,Nickel,JPN,7,0.0,0.0,0.0,0.0,0.0
Nickel_mining,Nickel,JPN,8,0.0,0.0,0.0,0.0,0.0
Nickel_mining,Nickel,JPN,9,0.0,0.0,0.0,0.0,0.0
Nickel_mining,Nickel,JPN,10,0.0,0.0,0.0,0.0,0.0
Nickel_mining,Nickel,JPN,11,0.0,0.0,0.0,0.0,0.0
Nickel_mining,Nickel,JPN,12,0.0,0.0,0.0,0.0,0.0
Nickel_mining,Nickel,JPN,13,0.0,0.0,0.0,0.0,0.0
Nickel_mining,Nickel,KOR,0,0.0,0.0,0.0,0.0,0.0
Nickel_mining,Nickel,KOR,1,0.0,0.0,0.0,0.0,0.0
Nickel_mining,Nickel,KOR,2,0.0,0.0,0.0,0.0,0.0
Nickel_mining,Nickel,KOR,3,0.0,0.0,0.0,0.0,0.0
Nickel_mining,Nickel,KOR,4,0.0,0.0,0.0,0.0,0.0
Nickel_mining,Nickel,KOR,5,0.0,0.0,0.0,0.0,0.0
Nickel_mining,Nickel,KOR,6,0.0,0.0,0.0,0.0,0.0
Nickel_mining,Nickel,KOR,7,0.0,0.0,0.0,0.0,0.0
Nickel_mining,Nickel,KOR,8,0.0,0.0,0.0,0.0,0.0
Nickel_mining,Nickel,KOR,9,0.0,0.0,0.0,0.0,0.0
Nickel_mining,Nickel,KOR,10,0.0,0.0,0.0,0.0,0.0
Nickel_mining,Nickel,KOR,11,0.0,0.0,0.0,0.0,0.0
Nickel_mining,Nickel,KOR,12,0.0,0.0,0.0,0.0,0.0
Nickel_mining,Nickel,KOR,13,0.0,0.0,0.0,0.0,0.0
Nickel_mining,Nickel,ROE,0,2750.0,2750.0,2750.0,2750.0,2750.0
Nickel_mining,Nickel,ROE,1,2750.0,2750.0,2750.0,2750.0,2750.0
Nickel_mining,Nickel,ROE,2,2750.0,2750.0,2750.0,2750.0,2750.0
Nickel_mining,Nickel,ROE,3,2750.0,2750.0,2750.0,2750.0,2750.0
Nickel_mining,Nickel,ROE,4,2750.0,2750.0,2750.0,2750.0,2750.0
Nickel_mining,Nickel,ROE,5,2750.0,2750.0,2750.0,2750.0,2750.0
Nickel_mining,Nickel,ROE,6,2750.0,2750.0,2750.0,2750.0,2750.0
Nickel_mining,Nickel,ROE,7,2750.0,2750.0,2750.0,2750.0,2750.0
Nickel_mining,Nickel,ROE,8,2750.0,2750.0,2750.0,2750.0,2750.0
Nickel_mining,Nickel,ROE,9,2750.0,2750.0,2750.0,2750.0,2750.0
Nickel_mining,Nickel,ROE,10,2750.0,2750.0,2750.0,2750.0,2750.0
Nickel_mining,Nickel,ROE,11,2750.0,2750.0,2750.0,2750.0,2750.0
Nickel_mining,Nickel,ROE,12,2750.0,2750.0,2750.0,2750.0,2750.0
Nickel_mining,Nickel,ROE,13,2750.0,2750.0,2750.0,2750.0,2750.0
Nickel_mining,Nickel,ROW,0,27515.0,27515.0,27515.0,27515.0,27515.0
Nickel_mining,Nickel,ROW,1,27515.0,27515.0,27515.0,27515.0,27515.0
Nickel_mining,Nickel,ROW,2,27515.0,27515.0,27515.0,27515.0,27515.0
Nickel_mining,Nickel,ROW,3,27515.0,27515.0,27515.0,27515.0,27515.0
Nickel_mining,Nickel,ROW,4,27515.0,27515.0,27515.0,27515.0,27515.0
Nickel_mining,Nickel,ROW,5,27515.0,27515.0,27515.0,27515.0,27515.0
Nickel_mining,Nickel,ROW,6,27515.0,27515.0,27515.0,27515.0,27515.0
Nickel_mining,Nickel,ROW,7,27515.0,27515.0,27515.0,27515.0,27515.0
Nickel_mining,Nickel,ROW,8,27515.0,27515.0,27515.0,27515.0,27515.0
Nickel_mining,Nickel,ROW,9,27515.0,27515.0,27515.0,27515.0,27515.0
Nickel_mining,Nickel,ROW,10,27515.0,27515.0,27515.0,27515.0,27515.0
Nickel_mining,Nickel,ROW,11,27515.0,27515.0,27515.0,27515.0,27515.0
Nickel_mining,Nickel,ROW,12,27515.0,27515.0,27515.0,27515.0,27515.0
Nickel_mining,Nickel,ROW,13,27515.0,27515.0,27515.0,27515.0,27515.0
Nickel_mining,Nickel,USA,0,185.0,185.0,185.0,185.0,185.0
Nickel_mining,Nickel,USA,1,185.0,185.0,185.0,185.0,185.0
Nickel_mining,Nickel,USA,2,185.0,185.0,185.0,185.0,185.0
Nickel_mining,Nickel,USA,3,185.0,185.0,185.0,185.0,185.0
Nickel_mining,Nickel,USA,4,185.0,185.0,185.0,185.0,185.0
Nickel_mining,Nickel,USA,5,185.0,185.0,185.0,185.0,185.0
Nickel_mining,Nickel,USA,6,185.0,185.0,185.0,185.0,185.0
Nickel_mining,Nickel,USA,7,185.0,185.0,185.0,185.0,185.0
Nickel_mining,Nickel,USA,8,185.0,185.0,185.0,185.0,185.0
Nickel_mining,Nickel,USA,9,185.0,185.0,185.0,185.0,185.0
Nickel_mining,Nickel,USA,10,185.0,185.0,185.0,185.0,185.0
Nickel_mining,Nickel,USA,11,185.0,185.0,185.0,185.0,185.0
Nickel_mining,Nickel,USA,12,185.0,185.0,185.0,185.0,185.0
Nickel_mining,Nickel,USA,13,185.0,185.0,185.0,185.0,185.0
Steel_production,Steel,AUS,0,0.0,0.0,0.0,0.0,0.0
Steel_production,Steel,AUS,1,0.0,0.0,0.0,0.0,0.0
Steel_production,Steel,AUS,2,0.0,0.0,0.0,0.0,0.0
Steel_production,Steel,AUS,3,0.0,0.0,0.0,0.0,0.0
Steel_production,Steel,AUS,4,0.0,0.0,0.0,0.0,0.0
Steel_production,Steel,AUS,5,0.0,0.0,0.0,0.0,0.0
Steel_production,Steel,AUS,6,0.0,0.0,0.0,0.0,0.0
Steel_production,Steel,AUS,7,0.0,0.0,0.0,0.0,0.0
Steel_production,Steel,AUS,8,0.0,0.0,0.0,0.0,0.0
Steel_production,Steel,AUS,9,0.0,0.0,0.0,0.0,0.0
Steel_production,Steel,AUS,10,0.0,0.0,0.0,0.0,0.0
Steel_production,Steel,AUS,11,0.0,0.0,0.0,0.0,0.0
Steel_production,Steel,AUS,12,0.0,0.0,0.0,0.0,0.0
Steel_production,Steel,AUS,13,0.0,0.0,0.0,0.0,0.0
Steel_production,Steel,AUT,0,0.0,0.0,0.0,0.0,0.0
Steel_production,Steel,AUT,1,0.0,0.0,0.0,0.0,0.0
Steel_production,Steel,AUT,2,0.0,0.0,0.0,0.0,0.0
Steel_production,Steel,AUT,3,0.0,0.0,0.0,0.0,0.0
Steel_production,Steel,AUT,4,0.0,0.0,0.0,0.0,0.0
Steel_production,Steel,AUT,5,0.0,0.0,0.0,0.0,0.0
Steel_production,Steel,AUT,6,0.0,0.0,0.0,0.0,0.0
Steel_production,Steel,AUT,7,0.0,0.0,0.0,0.0,0.0
Steel_production,Steel,AUT,8,0.0,0.0,0.0,0.0,0.0
Steel_production,Steel,AUT,9,0.0,0.0,0.0,0.0,0.0
Steel_production,Steel,AUT,10,0.0,0.0,0.0,0.0,0.0
Steel_production,Steel,AUT,11,0.0,0.0,0.0,0.0,0.0
Steel_production,Steel,AUT,12,0.0,0.0,0.0,0.0,0.0
Steel_production,Steel,AUT,13,0.0,0.0,0.0,0.0,0.0
Steel_production,Steel,BRA,0,0.0,0.0,0.0,0.0,0.0
Steel_production,Steel,BRA,1,0.0,0.0,0.0,0.0,0.0
Steel_production,Steel,BRA,2,0.0,0.0,0.0,0.0,0.0
Steel_production,Steel,BRA,3,0.0,0.0,0.0,0.0,0.0
Steel_production,Steel,BRA,4,0.0,0.0,0.0,0.0,0.0
Steel_production,Steel,BRA,5,0.0,0.0,0.0,0.0,0.0
Steel_production,Steel,BRA,6,0.0,0.0,0.0,0.0,0.0
Steel_production,Steel,BRA,7,0.0,0.0,0.0,0.0,0.0
Steel_production,Steel,BRA,8,0.0,0.0,0.0,0.0,0.0
Steel_production,Steel,BRA,9,0.0,0.0,0.0,0.0,0.0
Steel_production,Steel,BRA,10,0.0,0.0,0.0,0.0,0.0
Steel_production,Steel,BRA,11,0.0,0.0,0.0,0.0,0.0
Steel_production,Steel,BRA,12,0.0,0.0,0.0,0.0,0.0
Steel_production,Steel,BRA,13,0.0,0.0,0.0,0.0,0.0
Steel_production,Steel,CHN,0,3160.591684099132,3160.5916840991313,3160.591684099134,3292.9554840991336,3160.591684099132
Steel_production,Steel,CHN,1,3338.7153750000066,3338.715375000007,28575.0,3407.420675000007,3338.7153750000066
Steel_production,Steel,CHN,2,3654.7536250000085,3654.7536250000085,28575.0,3555.9969250000086,3654.7536250000085
Steel_production,Steel,CHN,3,3895.444125000013,3895.44412500001,28575.0,3765.718425000008,3895.444125000013
Steel_production,Steel,CHN,4,4172.19925000001,4172.199250000011,28575.0,4013.7985500000077,4172.19925000001
Steel_production,Steel,CHN,5,4478.744125000012,4478.744125000013,28575.0,4293.962425000011,4478.744125000012
Steel_production,Steel,CHN,6,4819.038625000014,4819.038625000015,28575.0,4621.066425000012,4819.038625000014
Steel_production,Steel,CHN,7,5192.887375000013,5192.887375000011,28575.0,5006.958675000011,5192.887375000013
Steel_production,Steel,CHN,8,5614.0032500000125,5614.003250000016,28575.0,5448.720550000011,5614.0032500000125
Steel_production,Steel,CHN,9,6078.756875000013,6078.756875000017,28575.0,5953.619175000011,6078.756875000013
Steel_production,Steel,CHN,10,6594.41887500002,6594.418875000018,28575.0,6531.219175000014,6594.41887500002
Steel_production,Steel,CHN,11,7174.427625000017,28575.0,28575.0,7190.370925000014,7174.427625000017
Steel_production,Steel,CHN,12,7822.049750000022,28575.0,28575.0,7945.811050000017,7822.049750000022
Steel_production,Steel,CHN,13,8542.780750000016,28575.0,39600.0,8816.91375000002,8542.780750000016
Steel_production,Steel,CZE,0,0.0,0.0,0.0,0.0,0.0
Steel_production,Steel,CZE,1,0.0,0.0,0.0,0.0,0.0
Steel_production,Steel,CZE,2,0.0,0.0,0.0,0.0,0.0
Steel_production,Steel,CZE,3,0.0,0.0,0.0,0.0,0.0
Steel_production,Steel,CZE,4,0.0,0.0,0.0,0.0,0.0
Steel_production,Steel,CZE,5,0.0,0.0,0.0,0.0,0.0
Steel_production,Steel,CZE,6,0.0,0.0,0.0,0.0,0.0
Steel_production,Steel,CZE,7,0.0,0.0,0.0,0.0,0.0
Steel_production,Steel,CZE,8,0.0,0.0,0.0,0.0,0.0
Steel_production,Steel,CZE,9,0.0,0.0,0.0,0.0,0.0
Steel_production,Steel,CZE,10,0.0,0.0,0.0,0.0,0.0
Steel_production,Steel,CZE,11,0.0,0.0,0.0,0.0,0.0
Steel_production,Steel,CZE,12,0.0,0.0,0.0,0.0,0.0
Steel_production,Steel,CZE,13,0.0,0.0,192.68,0.0,0.0
Steel_production,Steel,DEU,0,0.0,0.0,0.0,0.0,0.0
Steel_production,Steel,DEU,1,0.0,0.0,0.0,0.0,0.0
Steel_production,Steel,DEU,2,0.0,0.0,0.0,0.0,0.0
Steel_production,Steel,DEU,3,0.0,0.0,0.0,0.0,0.0
Steel_production,Steel,DEU,4,0.0,0.0,0.0,0.0,0.0
Steel_production,Steel,DEU,5,0.0,0.0,0.0,0.0,0.0
Steel_production,Steel,DEU,6,0.0,0.0,0.0,0.0,0.0
Steel_production,Steel,DEU,7,0.0,0.0,0.0,0.0,0.0
Steel_production,Steel,DEU,8,0.0,0.0,0.0,0.0,0.0
Steel_production,Steel,DEU,9,0.0,0.0,0.0,0.0,0.0
Steel_production,Steel,DEU,10,0.0,0.0,0.0,0.0,0.0
Steel_production,Steel,DEU,11,0.0,0.0,0.0,0.0,0.0
Steel_production,Steel,DEU,12,0.0,0.0,0.0,0.0,0.0
Steel_production,Steel,DEU,13,0.0,0.0,1520.0,0.0,0.0
Steel_production,Steel,ITA,0,0.0,0.0,0.0,0.0,0.0
Steel_production,Steel,ITA,1,0.0,0.0,0.0,0.0,0.0
Steel_production,Steel,ITA,2,0.0,0.0,0.0,0.0,0.0
Steel_production,Steel,ITA,3,0.0,0.0,0.0,0.0,0.0
Steel_production,Steel,ITA,4,0.0,0.0,0.0,0.0,0.0
Steel_production,Steel,ITA,5,0.0,0.0,0.0,0.0,0.0
Steel_production,Steel,ITA,6,0.0,0.0,0.0,0.0,0.0
Steel_production,Steel,ITA,7,0.0,0.0,0.0,0.0,0.0
Steel_production,Steel,ITA,8,0.0,0.0,0.0,0.0,0.0
Steel_production,Steel,ITA,9,0.0,0.0,0.0,0.0,0.0
Steel_production,Steel,ITA,10,0.0,0.0,0.0,0.0,0.0
Steel_production,Steel,ITA,11,0.0,0.0,0.0,0.0,0.0
Steel_production,Steel,ITA,12,0.0,0.0,0.0,0.0,0.0
Steel_production,Steel,ITA,13,0.0,0.0,960.0,0.0,0.0
Steel_production,Steel,JPN,0,0.0,0.0,0.0,0.0,0.0
Steel_production,Steel,JPN,1,0.0,0.0,0.0,0.0,0.0
Steel_production,Steel,JPN,2,0.0,0.0,0.0,0.0,0.0
Steel_production,Steel,JPN,3,0.0,0.0,0.0,0.0,0.0
Steel_production,Steel,JPN,4,0.0,0.0,0.0,0.0,0.0
Steel_production,Steel,JPN,5,0.0,0.0,0.0,0.0,0.0
Steel_production,Steel,JPN,6,0.0,0.0,0.0,0.0,0.0
Steel_production,Steel,JPN,7,0.0,0.0,0.0,0.0,0.0
Steel_production,Steel,JPN,8,0.0,0.0,0.0,0.0,0.0
Steel_production,Steel,JPN,9,0.0,0.0,0.0,0.0,0.0
Steel_production,Steel,JPN,10,0.0,0.0,0.0,0.0,0.0
Steel_production,Steel,JPN,11,0.0,0.0,0.0,0.0,0.0
Steel_production,Steel,JPN,12,0.0,0.0,0.0,0.0,0.0
Steel_production,Steel,JPN,13,0.0,0.0,3880.0,0.0,0.0
Steel_production,Steel,KOR,0,0.0,0.0,0.0,0.0,0.0
Steel_production,Steel,KOR,1,0.0,0.0,0.0,0.0,0.0
Steel_production,Steel,KOR,2,0.0,0.0,0.0,0.0,0.0
Steel_production,Steel,KOR,3,0.0,0.0,0.0,0.0,0.0
Steel_production,Steel,KOR,4,0.0,0.0,0.0,0.0,0.0
Steel_production,Steel,KOR,5,0.0,0.0,0.0,0.0,0.0
Steel_production,Steel,KOR,6,0.0,0.0,0.0,0.0,0.0
Steel_production,Steel,KOR,7,0.0,0.0,0.0,0.0,0.0
Steel_production,Steel,KOR,8,0.0,0.0,0.0,0.0,0.0
Steel_production,Steel,KOR,9,0.0,0.0,0.0,0.0,0.0
Steel_production,Steel,KOR,10,0.0,0.0,0.0,0.0,0.0
Steel_production,Steel,KOR,11,0.0,0.0,0.0,0.0,0.0
Steel_production,Steel,KOR,12,0.0,0.0,0.0,0.0,0.0
Steel_production,Steel,KOR,13,0.0,0.0,2760.0,0.0,0.0
Steel_production,Steel,ROE,0,0.0,0.0,0.0,0.0,0.0
Steel_production,Steel,ROE,1,0.0,0.0,0.0,0.0,0.0
Steel_production,Steel,ROE,2,0.0,0.0,0.0,0.0,0.0
Steel_production,Steel,ROE,3,0.0,0.0,0.0,0.0,0.0
Steel_production,Steel,ROE,4,0.0,0.0,0.0,0.0,0.0
Steel_production,Steel,ROE,5,0.0,0.0,0.0,0.0,0.0
Steel_production,Steel,ROE,6,0.0,0.0,0.0,0.0,0.0
Steel_production,Steel,ROE,7,0.0,0.0,0.0,0.0,0.0
Steel_production,Steel,ROE,8,0.0,0.0,0.0,0.0,0.0
Steel_production,Steel,ROE,9,0.0,0.0,0.0,0.0,0.0
Steel_production,Steel,ROE,10,0.0,0.0,0.0,0.0,0.0
Steel_production,Steel,ROE,11,0.0,0.0,0.0,0.0,0.0
Steel_production,Steel,ROE,12,0.0,0.0,0.0,0.0,0.0
Steel_production,Steel,ROE,13,0.0,0.0,0.0,0.0,0.0
Steel_production,Steel,ROW,0,0.0,0.0,0.0,0.0,0.0
Steel_production,Steel,ROW,1,0.0,0.0,1925.9199999917496,0.0,0.0
Steel_production,Steel,ROW,2,0.0,0.0,1925.9199999917496,0.0,0.0
Steel_production,Steel,ROW,3,0.0,0.0,1925.9199999917587,0.0,0.0
Steel_production,Steel,ROW,4,0.0,0.0,1925.9199999917405,0.0,0.0
Steel_production,Steel,ROW,5,0.0,0.0,1925.9199999917587,0.0,0.0
Steel_production,Steel,ROW,6,0.0,0.0,1925.9199999917587,0.0,0.0
Steel_production,Steel,ROW,7,0.0,0.0,1925.9199999917405,0.0,0.0
Steel_production,Steel,ROW,8,0.0,0.0,1925.9199999917496,0.0,0.0
Steel_production,Steel,ROW,9,0.0,0.0,1925.9199999917587,0.0,0.0
Steel_production,Steel,ROW,10,0.0,0.0,1925.9199999917496,0.0,0.0
Steel_production,Steel,ROW,11,0.0,1925.919999991786,1925.919999991786,0.0,0.0
Steel_production,Steel,ROW,12,0.0,1925.9199999917223,1925.9199999917587,0.0,0.0
Steel_production,Steel,ROW,13,0.0,1925.9199999917496,12950.919999995906,0.0,0.0
Steel_production,Steel,USA,0,0.0,0.0,0.0,0.0,0.0
Steel_production,Steel,USA,1,0.0,0.0,0.0,0.0,0.0
Steel_production,Steel,USA,2,0.0,0.0,0.0,0.0,0.0
Steel_production,Steel,USA,3,0.0,0.0,0.0,0.0,0.0
Steel_production,Steel,USA,4,0.0,0.0,0.0,0.0,0.0
Steel_production,Steel,USA,5,0.0,0.0,0.0,0.0,0.0
Steel_production,Steel,USA,6,0.0,0.0,0.0,0.0,0.0
Steel_production,Steel,USA,7,0.0,0.0,0.0,0.0,0.0
Steel_production,Steel,USA,8,0.0,0.0,0.0,0.0,0.0
Steel_production,Steel,USA,9,0.0,0.0,0.0,0.0,0.0
Steel_production,Steel,USA,10,0.0,0.0,0.0,0.0,0.0
Steel_production,Steel,USA,11,0.0,0.0,0.0,0.0,0.0
Steel_production,Steel,USA,12,0.0,0.0,0.0,0.0,0.0
Steel_production,Steel,USA,13,0.0,0.0,3111.4,0.0,0.0
